PERIODO,ESTU_DEPTO_RESIDE,FAMI_ESTRATOVIVIENDA,FAMI_TIENEINTERNET,Estrato - Internet,PUNT_GLOBAL,Conteo
2018-01-01,-,Estrato 2,No,Estrato 2 - No,270.3333333333333,3
2018-01-01,-,Estrato 2,Si,Estrato 2 - Si,274.0,2
2018-01-01,AMAZONAS,Estrato 1,No,Estrato 1 - No,212.58695652173913,276
2018-01-01,AMAZONAS,Estrato 1,Si,Estrato 1 - Si,208.6969696969697,33
2018-01-01,AMAZONAS,Estrato 2,No,Estrato 2 - No,228.77844311377245,167
2018-01-01,AMAZONAS,Estrato 2,Si,Estrato 2 - Si,235.61363636363637,44
2018-01-01,AMAZONAS,Estrato 3,No,Estrato 3 - No,235.46666666666667,75
2018-01-01,AMAZONAS,Estrato 3,Si,Estrato 3 - Si,255.77142857142857,35
2018-01-01,AMAZONAS,Sin Estrato,No,Sin Estrato - No,207.08965517241379,145
2018-01-01,AMAZONAS,Sin Estrato,Si,Sin Estrato - Si,202.66666666666666,21
2018-01-01,ANTIOQUIA,Estrato 1,No,Estrato 1 - No,223.24566273421235,10087
2018-01-01,ANTIOQUIA,Estrato 1,Si,Estrato 1 - Si,238.47824156305506,6756
2018-01-01,ANTIOQUIA,Estrato 2,No,Estrato 2 - No,232.27627193956897,9002
2018-01-01,ANTIOQUIA,Estrato 2,Si,Estrato 2 - Si,252.3851700893557,19137
2018-01-01,ANTIOQUIA,Estrato 3,No,Estrato 3 - No,235.2268085106383,2350
2018-01-01,ANTIOQUIA,Estrato 3,Si,Estrato 3 - Si,266.5176798806203,15413
2018-01-01,ANTIOQUIA,Sin Estrato,No,Sin Estrato - No,209.53067047075606,701
2018-01-01,ANTIOQUIA,Sin Estrato,Si,Sin Estrato - Si,220.94153846153847,325
2018-01-01,ARAUCA,Estrato 1,No,Estrato 1 - No,244.23278921220725,1409
2018-01-01,ARAUCA,Estrato 1,Si,Estrato 1 - Si,259.76637554585153,458
2018-01-01,ARAUCA,Estrato 2,No,Estrato 2 - No,248.20443349753694,406
2018-01-01,ARAUCA,Estrato 2,Si,Estrato 2 - Si,266.140243902439,328
2018-01-01,ARAUCA,Estrato 3,No,Estrato 3 - No,228.9430894308943,123
2018-01-01,ARAUCA,Estrato 3,Si,Estrato 3 - Si,258.75539568345323,139
2018-01-01,ARAUCA,Sin Estrato,No,Sin Estrato - No,221.53439153439155,189
2018-01-01,ARAUCA,Sin Estrato,Si,Sin Estrato - Si,222.7173913043478,46
2018-01-01,ATLANTICO,Estrato 1,No,Estrato 1 - No,233.62433714764165,7166
2018-01-01,ATLANTICO,Estrato 1,Si,Estrato 1 - Si,250.452698542992,4873
2018-01-01,ATLANTICO,Estrato 2,No,Estrato 2 - No,234.85475040257649,3105
2018-01-01,ATLANTICO,Estrato 2,Si,Estrato 2 - Si,260.20138996138996,6475
2018-01-01,ATLANTICO,Estrato 3,No,Estrato 3 - No,225.09196617336153,946
2018-01-01,ATLANTICO,Estrato 3,Si,Estrato 3 - Si,266.7657240370551,4102
2018-01-01,ATLANTICO,Sin Estrato,No,Sin Estrato - No,207.8733031674208,442
2018-01-01,ATLANTICO,Sin Estrato,Si,Sin Estrato - Si,224.76271186440678,236
2018-01-01,BOGOTA,Estrato 1,No,Estrato 1 - No,237.95272045028142,2665
2018-01-01,BOGOTA,Estrato 1,Si,Estrato 1 - Si,252.25350949628407,6055
2018-01-01,BOGOTA,Estrato 2,No,Estrato 2 - No,251.36055948886204,5791
2018-01-01,BOGOTA,Estrato 2,Si,Estrato 2 - Si,264.7732162994118,32811
2018-01-01,BOGOTA,Estrato 3,No,Estrato 3 - No,256.3095238095238,2268
2018-01-01,BOGOTA,Estrato 3,Si,Estrato 3 - Si,280.91255752794217,28899
2018-01-01,BOGOTA,Sin Estrato,No,Sin Estrato - No,231.77358490566039,159
2018-01-01,BOGOTA,Sin Estrato,Si,Sin Estrato - Si,252.97067448680352,341
2018-01-01,BOLIVAR,Estrato 1,No,Estrato 1 - No,225.9472045485312,7387
2018-01-01,BOLIVAR,Estrato 1,Si,Estrato 1 - Si,240.99580632863135,2623
2018-01-01,BOLIVAR,Estrato 2,No,Estrato 2 - No,227.05492957746478,2840
2018-01-01,BOLIVAR,Estrato 2,Si,Estrato 2 - Si,257.72837418991264,3549
2018-01-01,BOLIVAR,Estrato 3,No,Estrato 3 - No,216.64575645756457,1084
2018-01-01,BOLIVAR,Estrato 3,Si,Estrato 3 - Si,259.54244482173175,2356
2018-01-01,BOLIVAR,Sin Estrato,No,Sin Estrato - No,202.634126984127,1260
2018-01-01,BOLIVAR,Sin Estrato,Si,Sin Estrato - Si,212.54474708171207,257
2018-01-01,BOYACA,Estrato 1,No,Estrato 1 - No,250.65749621403333,3962
2018-01-01,BOYACA,Estrato 1,Si,Estrato 1 - Si,263.0600985221675,1015
2018-01-01,BOYACA,Estrato 2,No,Estrato 2 - No,260.71753246753246,4004
2018-01-01,BOYACA,Estrato 2,Si,Estrato 2 - Si,279.7467348097672,3522
2018-01-01,BOYACA,Estrato 3,No,Estrato 3 - No,254.02025782688767,543
2018-01-01,BOYACA,Estrato 3,Si,Estrato 3 - Si,291.4058219178082,1752
2018-01-01,BOYACA,Sin Estrato,No,Sin Estrato - No,227.70634920634922,126
2018-01-01,BOYACA,Sin Estrato,Si,Sin Estrato - Si,254.1219512195122,41
2018-01-01,CALDAS,Estrato 1,No,Estrato 1 - No,234.82509109838625,1921
2018-01-01,CALDAS,Estrato 1,Si,Estrato 1 - Si,243.60980592441265,979
2018-01-01,CALDAS,Estrato 2,No,Estrato 2 - No,239.32301631963983,1777
2018-01-01,CALDAS,Estrato 2,Si,Estrato 2 - Si,258.2960073428178,2179
2018-01-01,CALDAS,Estrato 3,No,Estrato 3 - No,245.3587786259542,393
2018-01-01,CALDAS,Estrato 3,Si,Estrato 3 - Si,272.51614530776993,1982
2018-01-01,CALDAS,Sin Estrato,No,Sin Estrato - No,220.0,115
2018-01-01,CALDAS,Sin Estrato,Si,Sin Estrato - Si,214.28571428571428,42
2018-01-01,CAQUETA,Estrato 1,No,Estrato 1 - No,235.71516267648863,1629
2018-01-01,CAQUETA,Estrato 1,Si,Estrato 1 - Si,252.67724867724868,756
2018-01-01,CAQUETA,Estrato 2,No,Estrato 2 - No,234.74734607218684,471
2018-01-01,CAQUETA,Estrato 2,Si,Estrato 2 - Si,257.806640625,512
2018-01-01,CAQUETA,Estrato 3,No,Estrato 3 - No,220.12605042016807,119
2018-01-01,CAQUETA,Estrato 3,Si,Estrato 3 - Si,255.32954545454547,176
2018-01-01,CAQUETA,Sin Estrato,No,Sin Estrato - No,206.43055555555554,216
2018-01-01,CAQUETA,Sin Estrato,Si,Sin Estrato - Si,220.05128205128204,39
2018-01-01,CASANARE,Estrato 1,No,Estrato 1 - No,242.94820936639118,1815
2018-01-01,CASANARE,Estrato 1,Si,Estrato 1 - Si,254.96981132075473,795
2018-01-01,CASANARE,Estrato 2,No,Estrato 2 - No,248.79937304075236,957
2018-01-01,CASANARE,Estrato 2,Si,Estrato 2 - Si,263.3718592964824,1194
2018-01-01,CASANARE,Estrato 3,No,Estrato 3 - No,242.9090909090909,154
2018-01-01,CASANARE,Estrato 3,Si,Estrato 3 - Si,271.9737532808399,381
2018-01-01,CASANARE,Sin Estrato,No,Sin Estrato - No,219.83478260869566,115
2018-01-01,CASANARE,Sin Estrato,Si,Sin Estrato - Si,237.5,28
2018-01-01,CAUCA,Estrato 1,No,Estrato 1 - No,230.72170151405913,5548
2018-01-01,CAUCA,Estrato 1,Si,Estrato 1 - Si,246.7736143637783,1281
2018-01-01,CAUCA,Estrato 2,No,Estrato 2 - No,234.5506329113924,1738
2018-01-01,CAUCA,Estrato 2,Si,Estrato 2 - Si,260.0564005069709,1578
2018-01-01,CAUCA,Estrato 3,No,Estrato 3 - No,221.3598484848485,528
2018-01-01,CAUCA,Estrato 3,Si,Estrato 3 - Si,266.65084388185653,948
2018-01-01,CAUCA,Sin Estrato,No,Sin Estrato - No,209.57738095238096,840
2018-01-01,CAUCA,Sin Estrato,Si,Sin Estrato - Si,217.7479674796748,123
2018-01-01,CESAR,Estrato 1,No,Estrato 1 - No,234.56326870961018,4797
2018-01-01,CESAR,Estrato 1,Si,Estrato 1 - Si,248.81979558902637,1859
2018-01-01,CESAR,Estrato 2,No,Estrato 2 - No,236.1250936329588,1335
2018-01-01,CESAR,Estrato 2,Si,Estrato 2 - Si,256.9621975806452,1984
2018-01-01,CESAR,Estrato 3,No,Estrato 3 - No,225.58362989323842,281
2018-01-01,CESAR,Estrato 3,Si,Estrato 3 - Si,262.7865612648221,1012
2018-01-01,CESAR,Sin Estrato,No,Sin Estrato - No,212.25552825552825,407
2018-01-01,CESAR,Sin Estrato,Si,Sin Estrato - Si,222.03846153846155,78
2018-01-01,CHOCO,Estrato 1,No,Estrato 1 - No,211.83415666901905,1417
2018-01-01,CHOCO,Estrato 1,Si,Estrato 1 - Si,232.97163120567376,705
2018-01-01,CHOCO,Estrato 2,No,Estrato 2 - No,205.63783783783785,370
2018-01-01,CHOCO,Estrato 2,Si,Estrato 2 - Si,229.6791277258567,321
2018-01-01,CHOCO,Estrato 3,No,Estrato 3 - No,196.41150442477877,226
2018-01-01,CHOCO,Estrato 3,Si,Estrato 3 - Si,212.65680473372782,169
2018-01-01,CHOCO,Sin Estrato,No,Sin Estrato - No,189.19628647214853,377
2018-01-01,CHOCO,Sin Estrato,Si,Sin Estrato - Si,193.23275862068965,116
2018-01-01,CORDOBA,Estrato 1,No,Estrato 1 - No,238.07758328627895,8855
2018-01-01,CORDOBA,Estrato 1,Si,Estrato 1 - Si,260.22769753610874,2354
2018-01-01,CORDOBA,Estrato 2,No,Estrato 2 - No,236.00862068965517,2204
2018-01-01,CORDOBA,Estrato 2,Si,Estrato 2 - Si,266.74250888776027,1969
2018-01-01,CORDOBA,Estrato 3,No,Estrato 3 - No,221.4840579710145,690
2018-01-01,CORDOBA,Estrato 3,Si,Estrato 3 - Si,262.6470588235294,731
2018-01-01,CORDOBA,Sin Estrato,No,Sin Estrato - No,211.6749703440095,843
2018-01-01,CORDOBA,Sin Estrato,Si,Sin Estrato - Si,215.41935483870967,93
2018-01-01,CUNDINAMARCA,Estrato 1,No,Estrato 1 - No,239.86287820015517,5156
2018-01-01,CUNDINAMARCA,Estrato 1,Si,Estrato 1 - Si,249.51781472684087,2526
2018-01-01,CUNDINAMARCA,Estrato 2,No,Estrato 2 - No,250.96902434984264,6037
2018-01-01,CUNDINAMARCA,Estrato 2,Si,Estrato 2 - Si,264.3114325899136,9954
2018-01-01,CUNDINAMARCA,Estrato 3,No,Estrato 3 - No,252.54347826086956,1426
2018-01-01,CUNDINAMARCA,Estrato 3,Si,Estrato 3 - Si,271.2949809985585,7631
2018-01-01,CUNDINAMARCA,Sin Estrato,No,Sin Estrato - No,235.37152777777777,288
2018-01-01,CUNDINAMARCA,Sin Estrato,Si,Sin Estrato - Si,254.32911392405063,158
2018-01-01,EXTRANJERO,Estrato 1,No,Estrato 1 - No,183.0,1
2018-01-01,GUAINIA,Estrato 1,No,Estrato 1 - No,241.07142857142858,112
2018-01-01,GUAINIA,Estrato 1,Si,Estrato 1 - Si,262.6111111111111,18
2018-01-01,GUAINIA,Estrato 2,No,Estrato 2 - No,243.7826086956522,46
2018-01-01,GUAINIA,Estrato 2,Si,Estrato 2 - Si,236.52941176470588,17
2018-01-01,GUAINIA,Estrato 3,No,Estrato 3 - No,232.875,8
2018-01-01,GUAINIA,Estrato 3,Si,Estrato 3 - Si,266.3333333333333,3
2018-01-01,GUAINIA,Sin Estrato,No,Sin Estrato - No,206.01694915254237,59
2018-01-01,GUAINIA,Sin Estrato,Si,Sin Estrato - Si,198.25,4
2018-01-01,GUAVIARE,Estrato 1,No,Estrato 1 - No,231.6286472148541,377
2018-01-01,GUAVIARE,Estrato 1,Si,Estrato 1 - Si,237.02105263157895,95
2018-01-01,GUAVIARE,Estrato 2,No,Estrato 2 - No,232.10738255033556,149
2018-01-01,GUAVIARE,Estrato 2,Si,Estrato 2 - Si,248.19811320754718,106
2018-01-01,GUAVIARE,Estrato 3,No,Estrato 3 - No,223.175,40
2018-01-01,GUAVIARE,Estrato 3,Si,Estrato 3 - Si,247.6304347826087,46
2018-01-01,GUAVIARE,Sin Estrato,No,Sin Estrato - No,216.06666666666666,75
2018-01-01,GUAVIARE,Sin Estrato,Si,Sin Estrato - Si,182.2,10
2018-01-01,HUILA,Estrato 1,No,Estrato 1 - No,243.18238862162727,4781
2018-01-01,HUILA,Estrato 1,Si,Estrato 1 - Si,257.77457903313416,1841
2018-01-01,HUILA,Estrato 2,No,Estrato 2 - No,245.6653883029722,2086
2018-01-01,HUILA,Estrato 2,Si,Estrato 2 - Si,269.78059499661936,2958
2018-01-01,HUILA,Estrato 3,No,Estrato 3 - No,239.0099502487562,201
2018-01-01,HUILA,Estrato 3,Si,Estrato 3 - Si,280.8051282051282,780
2018-01-01,HUILA,Sin Estrato,No,Sin Estrato - No,225.87064676616916,201
2018-01-01,HUILA,Sin Estrato,Si,Sin Estrato - Si,245.74418604651163,43
2018-01-01,LA GUAJIRA,Estrato 1,No,Estrato 1 - No,224.6732623033993,1971
2018-01-01,LA GUAJIRA,Estrato 1,Si,Estrato 1 - Si,239.090692124105,838
2018-01-01,LA GUAJIRA,Estrato 2,No,Estrato 2 - No,228.6158415841584,1010
2018-01-01,LA GUAJIRA,Estrato 2,Si,Estrato 2 - Si,249.86660359508042,1057
2018-01-01,LA GUAJIRA,Estrato 3,No,Estrato 3 - No,215.53225806451613,372
2018-01-01,LA GUAJIRA,Estrato 3,Si,Estrato 3 - Si,243.05372616984403,577
2018-01-01,LA GUAJIRA,Sin Estrato,No,Sin Estrato - No,201.4087266251113,1123
2018-01-01,LA GUAJIRA,Sin Estrato,Si,Sin Estrato - Si,209.66666666666666,201
2018-01-01,MAGDALENA,Estrato 1,No,Estrato 1 - No,222.36711538461537,5200
2018-01-01,MAGDALENA,Estrato 1,Si,Estrato 1 - Si,233.4579033134166,1841
2018-01-01,MAGDALENA,Estrato 2,No,Estrato 2 - No,220.31227154046996,1915
2018-01-01,MAGDALENA,Estrato 2,Si,Estrato 2 - Si,239.7861462341946,1819
2018-01-01,MAGDALENA,Estrato 3,No,Estrato 3 - No,215.62515262515262,819
2018-01-01,MAGDALENA,Estrato 3,Si,Estrato 3 - Si,249.96636085626912,1635
2018-01-01,MAGDALENA,Sin Estrato,No,Sin Estrato - No,202.8683937823834,965
2018-01-01,MAGDALENA,Sin Estrato,Si,Sin Estrato - Si,204.1801242236025,161
2018-01-01,META,Estrato 1,No,Estrato 1 - No,241.30346820809248,2422
2018-01-01,META,Estrato 1,Si,Estrato 1 - Si,252.20975609756098,1435
2018-01-01,META,Estrato 2,No,Estrato 2 - No,244.3258358662614,1645
2018-01-01,META,Estrato 2,Si,Estrato 2 - Si,259.19482555860446,2551
2018-01-01,META,Estrato 3,No,Estrato 3 - No,248.10926365795726,421
2018-01-01,META,Estrato 3,Si,Estrato 3 - Si,270.0789081885856,2015
2018-01-01,META,Sin Estrato,No,Sin Estrato - No,227.3568075117371,213
2018-01-01,META,Sin Estrato,Si,Sin Estrato - Si,229.135593220339,59
2018-01-01,NARIÑO,Estrato 1,No,Estrato 1 - No,245.93142467620996,7335
2018-01-01,NARIÑO,Estrato 1,Si,Estrato 1 - Si,262.3310074138683,2293
2018-01-01,NARIÑO,Estrato 2,No,Estrato 2 - No,248.32712600869024,1611
2018-01-01,NARIÑO,Estrato 2,Si,Estrato 2 - Si,276.2689195621133,2101
2018-01-01,NARIÑO,Estrato 3,No,Estrato 3 - No,227.16341463414633,410
2018-01-01,NARIÑO,Estrato 3,Si,Estrato 3 - Si,285.71569506726456,1115
2018-01-01,NARIÑO,Sin Estrato,No,Sin Estrato - No,215.318345323741,556
2018-01-01,NARIÑO,Sin Estrato,Si,Sin Estrato - Si,228.71774193548387,124
2018-01-01,NORTE SANTANDER,Estrato 1,No,Estrato 1 - No,249.7043499631359,4069
2018-01-01,NORTE SANTANDER,Estrato 1,Si,Estrato 1 - Si,266.7388475836431,2152
2018-01-01,NORTE SANTANDER,Estrato 2,No,Estrato 2 - No,253.23337515683815,2391
2018-01-01,NORTE SANTANDER,Estrato 2,Si,Estrato 2 - Si,271.70005707762556,3504
2018-01-01,NORTE SANTANDER,Estrato 3,No,Estrato 3 - No,244.59298245614036,285
2018-01-01,NORTE SANTANDER,Estrato 3,Si,Estrato 3 - Si,278.74512743628185,1334
2018-01-01,NORTE SANTANDER,Sin Estrato,No,Sin Estrato - No,218.4939024390244,164
2018-01-01,NORTE SANTANDER,Sin Estrato,Si,Sin Estrato - Si,233.5,46
2018-01-01,PUTUMAYO,Estrato 1,No,Estrato 1 - No,240.61314229249012,2024
2018-01-01,PUTUMAYO,Estrato 1,Si,Estrato 1 - Si,259.9985443959243,687
2018-01-01,PUTUMAYO,Estrato 2,No,Estrato 2 - No,232.304,375
2018-01-01,PUTUMAYO,Estrato 2,Si,Estrato 2 - Si,259.8220640569395,281
2018-01-01,PUTUMAYO,Estrato 3,No,Estrato 3 - No,220.80582524271844,103
2018-01-01,PUTUMAYO,Estrato 3,Si,Estrato 3 - Si,251.45054945054946,91
2018-01-01,PUTUMAYO,Sin Estrato,No,Sin Estrato - No,221.84761904761905,420
2018-01-01,PUTUMAYO,Sin Estrato,Si,Sin Estrato - Si,239.4468085106383,47
2018-01-01,QUINDIO,Estrato 1,No,Estrato 1 - No,238.10643564356437,1212
2018-01-01,QUINDIO,Estrato 1,Si,Estrato 1 - Si,249.0308261405672,811
2018-01-01,QUINDIO,Estrato 2,No,Estrato 2 - No,241.36666666666667,810
2018-01-01,QUINDIO,Estrato 2,Si,Estrato 2 - Si,260.933577087142,1641
2018-01-01,QUINDIO,Estrato 3,No,Estrato 3 - No,249.13725490196077,153
2018-01-01,QUINDIO,Estrato 3,Si,Estrato 3 - Si,273.39396709323586,1094
2018-01-01,QUINDIO,Sin Estrato,No,Sin Estrato - No,230.83673469387756,49
2018-01-01,QUINDIO,Sin Estrato,Si,Sin Estrato - Si,250.74418604651163,43
2018-01-01,RISARALDA,Estrato 1,No,Estrato 1 - No,238.33100824350032,1577
2018-01-01,RISARALDA,Estrato 1,Si,Estrato 1 - Si,251.7596153846154,1040
2018-01-01,RISARALDA,Estrato 2,No,Estrato 2 - No,241.13893016344724,1346
2018-01-01,RISARALDA,Estrato 2,Si,Estrato 2 - Si,259.795,2600
2018-01-01,RISARALDA,Estrato 3,No,Estrato 3 - No,247.05373134328357,335
2018-01-01,RISARALDA,Estrato 3,Si,Estrato 3 - Si,267.15675934803454,2086
2018-01-01,RISARALDA,Sin Estrato,No,Sin Estrato - No,220.5054945054945,91
2018-01-01,RISARALDA,Sin Estrato,Si,Sin Estrato - Si,246.078125,64
2018-01-01,SAN ANDRES,Estrato 1,No,Estrato 1 - No,228.97701149425288,87
2018-01-01,SAN ANDRES,Estrato 1,Si,Estrato 1 - Si,231.35,40
2018-01-01,SAN ANDRES,Estrato 2,No,Estrato 2 - No,239.578125,192
2018-01-01,SAN ANDRES,Estrato 2,Si,Estrato 2 - Si,245.70526315789473,95
2018-01-01,SAN ANDRES,Estrato 3,No,Estrato 3 - No,242.38709677419354,62
2018-01-01,SAN ANDRES,Estrato 3,Si,Estrato 3 - Si,253.10526315789474,76
2018-01-01,SAN ANDRES,Sin Estrato,No,Sin Estrato - No,214.0,9
2018-01-01,SAN ANDRES,Sin Estrato,Si,Sin Estrato - Si,233.25,4
2018-01-01,SANTANDER,Estrato 1,No,Estrato 1 - No,250.11144521706447,5321
2018-01-01,SANTANDER,Estrato 1,Si,Estrato 1 - Si,261.02313624678663,2723
2018-01-01,SANTANDER,Estrato 2,No,Estrato 2 - No,254.85883862688482,3117
2018-01-01,SANTANDER,Estrato 2,Si,Estrato 2 - Si,271.67931294828236,5298
2018-01-01,SANTANDER,Estrato 3,No,Estrato 3 - No,250.3190348525469,746
2018-01-01,SANTANDER,Estrato 3,Si,Estrato 3 - Si,282.389476156918,4257
2018-01-01,SANTANDER,Sin Estrato,No,Sin Estrato - No,223.67410714285714,224
2018-01-01,SANTANDER,Sin Estrato,Si,Sin Estrato - Si,256.00847457627117,118
2018-01-01,SUCRE,Estrato 1,No,Estrato 1 - No,236.30612716763005,4325
2018-01-01,SUCRE,Estrato 1,Si,Estrato 1 - Si,257.5433996383363,1106
2018-01-01,SUCRE,Estrato 2,No,Estrato 2 - No,235.14712471994025,1339
2018-01-01,SUCRE,Estrato 2,Si,Estrato 2 - Si,267.6520198440822,1411
2018-01-01,SUCRE,Estrato 3,No,Estrato 3 - No,219.50279329608938,358
2018-01-01,SUCRE,Estrato 3,Si,Estrato 3 - Si,262.1742243436754,419
2018-01-01,SUCRE,Sin Estrato,No,Sin Estrato - No,208.26902173913044,368
2018-01-01,SUCRE,Sin Estrato,Si,Sin Estrato - Si,202.63636363636363,44
2018-01-01,TOLIMA,Estrato 1,No,Estrato 1 - No,230.9401107196779,3974
2018-01-01,TOLIMA,Estrato 1,Si,Estrato 1 - Si,246.21433447098977,1465
2018-01-01,TOLIMA,Estrato 2,No,Estrato 2 - No,237.59086224665063,2911
2018-01-01,TOLIMA,Estrato 2,Si,Estrato 2 - Si,256.5347686216283,4041
2018-01-01,TOLIMA,Estrato 3,No,Estrato 3 - No,235.8958837772397,413
2018-01-01,TOLIMA,Estrato 3,Si,Estrato 3 - Si,270.7073673364245,1941
2018-01-01,TOLIMA,Sin Estrato,No,Sin Estrato - No,209.08530805687204,211
2018-01-01,TOLIMA,Sin Estrato,Si,Sin Estrato - Si,228.25,64
2018-01-01,VALLE,Estrato 1,No,Estrato 1 - No,233.89958006207777,5477
2018-01-01,VALLE,Estrato 1,Si,Estrato 1 - Si,246.84844429575108,5978
2018-01-01,VALLE,Estrato 2,No,Estrato 2 - No,241.84199949761367,3981
2018-01-01,VALLE,Estrato 2,Si,Estrato 2 - Si,257.7526872690628,11908
2018-01-01,VALLE,Estrato 3,No,Estrato 3 - No,241.78094390026715,1123
2018-01-01,VALLE,Estrato 3,Si,Estrato 3 - Si,266.90279381205266,8662
2018-01-01,VALLE,Sin Estrato,No,Sin Estrato - No,207.91228070175438,399
2018-01-01,VALLE,Sin Estrato,Si,Sin Estrato - Si,235.30864197530863,324
2018-01-01,VAUPES,Estrato 1,No,Estrato 1 - No,227.5839416058394,137
2018-01-01,VAUPES,Estrato 1,Si,Estrato 1 - Si,203.44444444444446,9
2018-01-01,VAUPES,Estrato 2,No,Estrato 2 - No,222.02777777777777,36
2018-01-01,VAUPES,Estrato 2,Si,Estrato 2 - Si,199.85714285714286,7
2018-01-01,VAUPES,Estrato 3,No,Estrato 3 - No,185.8,10
2018-01-01,VAUPES,Estrato 3,Si,Estrato 3 - Si,179.0,5
2018-01-01,VAUPES,Sin Estrato,No,Sin Estrato - No,202.0,108
2018-01-01,VAUPES,Sin Estrato,Si,Sin Estrato - Si,177.0,6
2018-01-01,VICHADA,Estrato 1,No,Estrato 1 - No,236.83653846153845,208
2018-01-01,VICHADA,Estrato 1,Si,Estrato 1 - Si,245.3846153846154,26
2018-01-01,VICHADA,Estrato 2,No,Estrato 2 - No,244.77906976744185,86
2018-01-01,VICHADA,Estrato 2,Si,Estrato 2 - Si,226.72413793103448,29
2018-01-01,VICHADA,Estrato 3,No,Estrato 3 - No,229.4,20
2018-01-01,VICHADA,Estrato 3,Si,Estrato 3 - Si,207.5,4
2018-01-01,VICHADA,Sin Estrato,No,Sin Estrato - No,204.78021978021977,91
2018-01-01,VICHADA,Sin Estrato,Si,Sin Estrato - Si,207.5,4
2019-01-01,AMAZONAS,Estrato 1,No,Estrato 1 - No,212.4326530612245,245
2019-01-01,AMAZONAS,Estrato 1,Si,Estrato 1 - Si,198.5909090909091,22
2019-01-01,AMAZONAS,Estrato 2,No,Estrato 2 - No,221.08391608391608,143
2019-01-01,AMAZONAS,Estrato 2,Si,Estrato 2 - Si,227.06060606060606,33
2019-01-01,AMAZONAS,Estrato 3,No,Estrato 3 - No,239.67088607594937,79
2019-01-01,AMAZONAS,Estrato 3,Si,Estrato 3 - Si,250.06896551724137,29
2019-01-01,AMAZONAS,Sin Estrato,No,Sin Estrato - No,198.1764705882353,102
2019-01-01,AMAZONAS,Sin Estrato,Si,Sin Estrato - Si,196.07692307692307,13
2019-01-01,ANTIOQUIA,Estrato 1,No,Estrato 1 - No,216.9572972972973,9250
2019-01-01,ANTIOQUIA,Estrato 1,Si,Estrato 1 - Si,232.08569830840207,7153
2019-01-01,ANTIOQUIA,Estrato 2,No,Estrato 2 - No,226.48386336866903,8490
2019-01-01,ANTIOQUIA,Estrato 2,Si,Estrato 2 - Si,246.3957216521162,19587
2019-01-01,ANTIOQUIA,Estrato 3,No,Estrato 3 - No,228.4689172498971,2429
2019-01-01,ANTIOQUIA,Estrato 3,Si,Estrato 3 - Si,261.77137444233944,16363
2019-01-01,ANTIOQUIA,Sin Estrato,No,Sin Estrato - No,199.31105710814094,823
2019-01-01,ANTIOQUIA,Sin Estrato,Si,Sin Estrato - Si,218.91525423728814,413
2019-01-01,ARAUCA,Estrato 1,No,Estrato 1 - No,238.71187868576243,1187
2019-01-01,ARAUCA,Estrato 1,Si,Estrato 1 - Si,252.23306772908367,502
2019-01-01,ARAUCA,Estrato 2,No,Estrato 2 - No,236.681592039801,402
2019-01-01,ARAUCA,Estrato 2,Si,Estrato 2 - Si,258.706572769953,426
2019-01-01,ARAUCA,Estrato 3,No,Estrato 3 - No,229.05882352941177,119
2019-01-01,ARAUCA,Estrato 3,Si,Estrato 3 - Si,252.08988764044943,178
2019-01-01,ARAUCA,Sin Estrato,No,Sin Estrato - No,225.46938775510205,196
2019-01-01,ARAUCA,Sin Estrato,Si,Sin Estrato - Si,218.22222222222223,45
2019-01-01,ATLANTICO,Estrato 1,No,Estrato 1 - No,229.96511114382452,6793
2019-01-01,ATLANTICO,Estrato 1,Si,Estrato 1 - Si,246.15470941883768,4990
2019-01-01,ATLANTICO,Estrato 2,No,Estrato 2 - No,230.73964110929853,3065
2019-01-01,ATLANTICO,Estrato 2,Si,Estrato 2 - Si,254.72181596587447,6564
2019-01-01,ATLANTICO,Estrato 3,No,Estrato 3 - No,220.10408560311285,1028
2019-01-01,ATLANTICO,Estrato 3,Si,Estrato 3 - Si,261.6839401384856,4477
2019-01-01,ATLANTICO,Sin Estrato,No,Sin Estrato - No,201.4251592356688,628
2019-01-01,ATLANTICO,Sin Estrato,Si,Sin Estrato - Si,210.79182156133828,269
2019-01-01,BOGOTA,Estrato 1,No,Estrato 1 - No,232.40117328519855,2216
2019-01-01,BOGOTA,Estrato 1,Si,Estrato 1 - Si,247.1979768786127,5536
2019-01-01,BOGOTA,Estrato 2,No,Estrato 2 - No,245.304865938431,5035
2019-01-01,BOGOTA,Estrato 2,Si,Estrato 2 - Si,260.388795500097,30934
2019-01-01,BOGOTA,Estrato 3,No,Estrato 3 - No,252.38140517696777,1893
2019-01-01,BOGOTA,Estrato 3,Si,Estrato 3 - Si,276.8377671016779,27892
2019-01-01,BOGOTA,Sin Estrato,No,Sin Estrato - No,214.4472049689441,161
2019-01-01,BOGOTA,Sin Estrato,Si,Sin Estrato - Si,237.925,360
2019-01-01,BOLIVAR,Estrato 1,No,Estrato 1 - No,220.82847800237812,6728
2019-01-01,BOLIVAR,Estrato 1,Si,Estrato 1 - Si,238.00111441307578,2692
2019-01-01,BOLIVAR,Estrato 2,No,Estrato 2 - No,220.90454545454546,2860
2019-01-01,BOLIVAR,Estrato 2,Si,Estrato 2 - Si,248.9006401335931,3593
2019-01-01,BOLIVAR,Estrato 3,No,Estrato 3 - No,209.54669084315503,1103
2019-01-01,BOLIVAR,Estrato 3,Si,Estrato 3 - Si,255.03475711892798,2388
2019-01-01,BOLIVAR,Sin Estrato,No,Sin Estrato - No,197.10923753665688,1364
2019-01-01,BOLIVAR,Sin Estrato,Si,Sin Estrato - Si,205.95238095238096,315
2019-01-01,BOYACA,Estrato 1,No,Estrato 1 - No,245.47369901547117,3555
2019-01-01,BOYACA,Estrato 1,Si,Estrato 1 - Si,256.30798122065727,1065
2019-01-01,BOYACA,Estrato 2,No,Estrato 2 - No,254.57995735607676,3752
2019-01-01,BOYACA,Estrato 2,Si,Estrato 2 - Si,272.8402708124373,3988
2019-01-01,BOYACA,Estrato 3,No,Estrato 3 - No,249.36046511627907,602
2019-01-01,BOYACA,Estrato 3,Si,Estrato 3 - Si,283.8777251184834,2110
2019-01-01,BOYACA,Sin Estrato,No,Sin Estrato - No,223.59259259259258,135
2019-01-01,BOYACA,Sin Estrato,Si,Sin Estrato - Si,232.23728813559322,59
2019-01-01,CALDAS,Estrato 1,No,Estrato 1 - No,230.64156285390715,1766
2019-01-01,CALDAS,Estrato 1,Si,Estrato 1 - Si,238.91707798617966,1013
2019-01-01,CALDAS,Estrato 2,No,Estrato 2 - No,232.5342717258262,1634
2019-01-01,CALDAS,Estrato 2,Si,Estrato 2 - Si,251.58217391304348,2300
2019-01-01,CALDAS,Estrato 3,No,Estrato 3 - No,233.79328165374676,387
2019-01-01,CALDAS,Estrato 3,Si,Estrato 3 - Si,268.9713035019455,2056
2019-01-01,CALDAS,Sin Estrato,No,Sin Estrato - No,222.02380952380952,126
2019-01-01,CALDAS,Sin Estrato,Si,Sin Estrato - Si,218.57407407407408,54
2019-01-01,CAQUETA,Estrato 1,No,Estrato 1 - No,229.4566712517194,1454
2019-01-01,CAQUETA,Estrato 1,Si,Estrato 1 - Si,242.82311977715878,718
2019-01-01,CAQUETA,Estrato 2,No,Estrato 2 - No,229.99045801526717,524
2019-01-01,CAQUETA,Estrato 2,Si,Estrato 2 - Si,247.28532235939645,729
2019-01-01,CAQUETA,Estrato 3,No,Estrato 3 - No,223.79577464788733,142
2019-01-01,CAQUETA,Estrato 3,Si,Estrato 3 - Si,255.39583333333334,336
2019-01-01,CAQUETA,Sin Estrato,No,Sin Estrato - No,203.44230769230768,260
2019-01-01,CAQUETA,Sin Estrato,Si,Sin Estrato - Si,212.90322580645162,62
2019-01-01,CASANARE,Estrato 1,No,Estrato 1 - No,239.59467634603752,1653
2019-01-01,CASANARE,Estrato 1,Si,Estrato 1 - Si,252.78473091364205,799
2019-01-01,CASANARE,Estrato 2,No,Estrato 2 - No,241.43820224719101,979
2019-01-01,CASANARE,Estrato 2,Si,Estrato 2 - Si,258.794498381877,1236
2019-01-01,CASANARE,Estrato 3,No,Estrato 3 - No,234.5874125874126,143
2019-01-01,CASANARE,Estrato 3,Si,Estrato 3 - Si,268.0060120240481,499
2019-01-01,CASANARE,Sin Estrato,No,Sin Estrato - No,203.68613138686132,137
2019-01-01,CASANARE,Sin Estrato,Si,Sin Estrato - Si,234.8181818181818,33
2019-01-01,CAUCA,Estrato 1,No,Estrato 1 - No,226.43989983305508,4792
2019-01-01,CAUCA,Estrato 1,Si,Estrato 1 - Si,239.61799217731422,1534
2019-01-01,CAUCA,Estrato 2,No,Estrato 2 - No,227.01885680612847,1697
2019-01-01,CAUCA,Estrato 2,Si,Estrato 2 - Si,252.169842133914,1837
2019-01-01,CAUCA,Estrato 3,No,Estrato 3 - No,214.9100529100529,567
2019-01-01,CAUCA,Estrato 3,Si,Estrato 3 - Si,261.2985739750446,1122
2019-01-01,CAUCA,Sin Estrato,No,Sin Estrato - No,202.14336917562724,837
2019-01-01,CAUCA,Sin Estrato,Si,Sin Estrato - Si,206.94202898550725,207
2019-01-01,CESAR,Estrato 1,No,Estrato 1 - No,229.798802946593,4344
2019-01-01,CESAR,Estrato 1,Si,Estrato 1 - Si,244.66296670030272,1982
2019-01-01,CESAR,Estrato 2,No,Estrato 2 - No,233.95662100456622,1314
2019-01-01,CESAR,Estrato 2,Si,Estrato 2 - Si,255.12349831811628,2081
2019-01-01,CESAR,Estrato 3,No,Estrato 3 - No,222.8600583090379,343
2019-01-01,CESAR,Estrato 3,Si,Estrato 3 - Si,262.47583333333336,1200
2019-01-01,CESAR,Sin Estrato,No,Sin Estrato - No,207.3760683760684,468
2019-01-01,CESAR,Sin Estrato,Si,Sin Estrato - Si,214.36893203883494,103
2019-01-01,CHOCO,Estrato 1,No,Estrato 1 - No,205.70220326936746,1407
2019-01-01,CHOCO,Estrato 1,Si,Estrato 1 - Si,221.78115501519756,658
2019-01-01,CHOCO,Estrato 2,No,Estrato 2 - No,200.57435897435897,390
2019-01-01,CHOCO,Estrato 2,Si,Estrato 2 - Si,222.27642276422765,369
2019-01-01,CHOCO,Estrato 3,No,Estrato 3 - No,189.03734439834025,241
2019-01-01,CHOCO,Estrato 3,Si,Estrato 3 - Si,211.29515418502203,227
2019-01-01,CHOCO,Sin Estrato,No,Sin Estrato - No,182.08247422680412,485
2019-01-01,CHOCO,Sin Estrato,Si,Sin Estrato - Si,184.46625766871165,163
2019-01-01,CORDOBA,Estrato 1,No,Estrato 1 - No,232.32492618110237,8128
2019-01-01,CORDOBA,Estrato 1,Si,Estrato 1 - Si,254.65838264299802,2535
2019-01-01,CORDOBA,Estrato 2,No,Estrato 2 - No,227.1334496293066,2293
2019-01-01,CORDOBA,Estrato 2,Si,Estrato 2 - Si,261.3463579353594,2073
2019-01-01,CORDOBA,Estrato 3,No,Estrato 3 - No,216.32984293193718,764
2019-01-01,CORDOBA,Estrato 3,Si,Estrato 3 - Si,261.63646170442286,927
2019-01-01,CORDOBA,Sin Estrato,No,Sin Estrato - No,207.175506268081,1037
2019-01-01,CORDOBA,Sin Estrato,Si,Sin Estrato - Si,215.76296296296297,135
2019-01-01,CUNDINAMARCA,Estrato 1,No,Estrato 1 - No,235.65655884995508,4452
2019-01-01,CUNDINAMARCA,Estrato 1,Si,Estrato 1 - Si,245.42456658059757,2711
2019-01-01,CUNDINAMARCA,Estrato 2,No,Estrato 2 - No,244.84875211109025,5329
2019-01-01,CUNDINAMARCA,Estrato 2,Si,Estrato 2 - Si,258.6869221879815,10384
2019-01-01,CUNDINAMARCA,Estrato 3,No,Estrato 3 - No,242.17294281729428,1434
2019-01-01,CUNDINAMARCA,Estrato 3,Si,Estrato 3 - Si,266.91356843992827,8365
2019-01-01,CUNDINAMARCA,Sin Estrato,No,Sin Estrato - No,221.04545454545453,264
2019-01-01,CUNDINAMARCA,Sin Estrato,Si,Sin Estrato - Si,243.1609756097561,205
2019-01-01,EXTRANJERO,Estrato 1,No,Estrato 1 - No,233.0,10
2019-01-01,EXTRANJERO,Estrato 1,Si,Estrato 1 - Si,245.9375,16
2019-01-01,EXTRANJERO,Estrato 2,No,Estrato 2 - No,251.28571428571428,7
2019-01-01,EXTRANJERO,Estrato 2,Si,Estrato 2 - Si,249.28571428571428,21
2019-01-01,EXTRANJERO,Estrato 3,No,Estrato 3 - No,231.75,4
2019-01-01,EXTRANJERO,Estrato 3,Si,Estrato 3 - Si,231.13333333333333,15
2019-01-01,EXTRANJERO,Sin Estrato,No,Sin Estrato - No,234.875,8
2019-01-01,EXTRANJERO,Sin Estrato,Si,Sin Estrato - Si,226.86363636363637,22
2019-01-01,GUAINIA,Estrato 1,No,Estrato 1 - No,229.1627906976744,86
2019-01-01,GUAINIA,Estrato 1,Si,Estrato 1 - Si,229.23076923076923,13
2019-01-01,GUAINIA,Estrato 2,No,Estrato 2 - No,237.0,33
2019-01-01,GUAINIA,Estrato 2,Si,Estrato 2 - Si,266.6190476190476,21
2019-01-01,GUAINIA,Estrato 3,No,Estrato 3 - No,227.36363636363637,11
2019-01-01,GUAINIA,Estrato 3,Si,Estrato 3 - Si,238.1,10
2019-01-01,GUAINIA,Sin Estrato,No,Sin Estrato - No,194.49295774647888,71
2019-01-01,GUAINIA,Sin Estrato,Si,Sin Estrato - Si,245.5,2
2019-01-01,GUAVIARE,Estrato 1,No,Estrato 1 - No,225.31666666666666,360
2019-01-01,GUAVIARE,Estrato 1,Si,Estrato 1 - Si,229.06172839506172,81
2019-01-01,GUAVIARE,Estrato 2,No,Estrato 2 - No,227.17307692307693,156
2019-01-01,GUAVIARE,Estrato 2,Si,Estrato 2 - Si,248.0909090909091,110
2019-01-01,GUAVIARE,Estrato 3,No,Estrato 3 - No,204.5909090909091,44
2019-01-01,GUAVIARE,Estrato 3,Si,Estrato 3 - Si,241.20408163265307,49
2019-01-01,GUAVIARE,Sin Estrato,No,Sin Estrato - No,200.2840909090909,88
2019-01-01,GUAVIARE,Sin Estrato,Si,Sin Estrato - Si,224.22222222222223,9
2019-01-01,HUILA,Estrato 1,No,Estrato 1 - No,242.22769672327195,4181
2019-01-01,HUILA,Estrato 1,Si,Estrato 1 - Si,252.42451923076922,2080
2019-01-01,HUILA,Estrato 2,No,Estrato 2 - No,242.3820459290188,1916
2019-01-01,HUILA,Estrato 2,Si,Estrato 2 - Si,263.56882152799255,3233
2019-01-01,HUILA,Estrato 3,No,Estrato 3 - No,223.00416666666666,240
2019-01-01,HUILA,Estrato 3,Si,Estrato 3 - Si,274.87268518518516,864
2019-01-01,HUILA,Sin Estrato,No,Sin Estrato - No,225.88953488372093,172
2019-01-01,HUILA,Sin Estrato,Si,Sin Estrato - Si,231.7325581395349,86
2019-01-01,LA GUAJIRA,Estrato 1,No,Estrato 1 - No,220.3580450302032,1821
2019-01-01,LA GUAJIRA,Estrato 1,Si,Estrato 1 - Si,232.25304465493912,739
2019-01-01,LA GUAJIRA,Estrato 2,No,Estrato 2 - No,223.03051181102362,1016
2019-01-01,LA GUAJIRA,Estrato 2,Si,Estrato 2 - Si,246.23235031277926,1119
2019-01-01,LA GUAJIRA,Estrato 3,No,Estrato 3 - No,209.64285714285714,392
2019-01-01,LA GUAJIRA,Estrato 3,Si,Estrato 3 - Si,242.78947368421052,627
2019-01-01,LA GUAJIRA,Sin Estrato,No,Sin Estrato - No,196.04017857142858,1344
2019-01-01,LA GUAJIRA,Sin Estrato,Si,Sin Estrato - Si,201.2373540856031,257
2019-01-01,MAGDALENA,Estrato 1,No,Estrato 1 - No,216.85433679099538,4531
2019-01-01,MAGDALENA,Estrato 1,Si,Estrato 1 - Si,228.61670235546038,1868
2019-01-01,MAGDALENA,Estrato 2,No,Estrato 2 - No,216.35780885780886,1716
2019-01-01,MAGDALENA,Estrato 2,Si,Estrato 2 - Si,238.7866601275135,2039
2019-01-01,MAGDALENA,Estrato 3,No,Estrato 3 - No,210.89064558629775,759
2019-01-01,MAGDALENA,Estrato 3,Si,Estrato 3 - Si,245.7075748678802,1703
2019-01-01,MAGDALENA,Sin Estrato,No,Sin Estrato - No,198.6508226691042,1094
2019-01-01,MAGDALENA,Sin Estrato,Si,Sin Estrato - Si,201.72075471698113,265
2019-01-01,META,Estrato 1,No,Estrato 1 - No,234.10139702568725,2219
2019-01-01,META,Estrato 1,Si,Estrato 1 - Si,247.11267605633802,1491
2019-01-01,META,Estrato 2,No,Estrato 2 - No,238.32799013563502,1622
2019-01-01,META,Estrato 2,Si,Estrato 2 - Si,252.70160726764502,2862
2019-01-01,META,Estrato 3,No,Estrato 3 - No,238.46726862302484,443
2019-01-01,META,Estrato 3,Si,Estrato 3 - Si,266.12392969806217,2219
2019-01-01,META,Sin Estrato,No,Sin Estrato - No,217.0569105691057,246
2019-01-01,META,Sin Estrato,Si,Sin Estrato - Si,225.2125,80
2019-01-01,NARIÑO,Estrato 1,No,Estrato 1 - No,240.38113979848868,6352
2019-01-01,NARIÑO,Estrato 1,Si,Estrato 1 - Si,255.77364725320115,2421
2019-01-01,NARIÑO,Estrato 2,No,Estrato 2 - No,237.88470728793308,1674
2019-01-01,NARIÑO,Estrato 2,Si,Estrato 2 - Si,270.55408970976254,2274
2019-01-01,NARIÑO,Estrato 3,No,Estrato 3 - No,226.546,500
2019-01-01,NARIÑO,Estrato 3,Si,Estrato 3 - Si,277.6793760831889,1154
2019-01-01,NARIÑO,Sin Estrato,No,Sin Estrato - No,207.62908011869436,674
2019-01-01,NARIÑO,Sin Estrato,Si,Sin Estrato - Si,220.1345029239766,171
2019-01-01,NORTE SANTANDER,Estrato 1,No,Estrato 1 - No,244.25956649719026,3737
2019-01-01,NORTE SANTANDER,Estrato 1,Si,Estrato 1 - Si,257.39258932509927,2267
2019-01-01,NORTE SANTANDER,Estrato 2,No,Estrato 2 - No,246.19094404100812,2341
2019-01-01,NORTE SANTANDER,Estrato 2,Si,Estrato 2 - Si,264.46212896622313,3908
2019-01-01,NORTE SANTANDER,Estrato 3,No,Estrato 3 - No,236.98879551820727,357
2019-01-01,NORTE SANTANDER,Estrato 3,Si,Estrato 3 - Si,274.8116129032258,1550
2019-01-01,NORTE SANTANDER,Sin Estrato,No,Sin Estrato - No,219.7810945273632,201
2019-01-01,NORTE SANTANDER,Sin Estrato,Si,Sin Estrato - Si,233.3404255319149,94
2019-01-01,PUTUMAYO,Estrato 1,No,Estrato 1 - No,236.3155436957972,1499
2019-01-01,PUTUMAYO,Estrato 1,Si,Estrato 1 - Si,256.66457680250784,638
2019-01-01,PUTUMAYO,Estrato 2,No,Estrato 2 - No,231.08244680851064,376
2019-01-01,PUTUMAYO,Estrato 2,Si,Estrato 2 - Si,252.4317548746518,359
2019-01-01,PUTUMAYO,Estrato 3,No,Estrato 3 - No,218.97029702970298,101
2019-01-01,PUTUMAYO,Estrato 3,Si,Estrato 3 - Si,257.155737704918,122
2019-01-01,PUTUMAYO,Sin Estrato,No,Sin Estrato - No,216.44274809160305,393
2019-01-01,PUTUMAYO,Sin Estrato,Si,Sin Estrato - Si,228.1578947368421,57
2019-01-01,QUINDIO,Estrato 1,No,Estrato 1 - No,234.64850976361768,973
2019-01-01,QUINDIO,Estrato 1,Si,Estrato 1 - Si,250.29374201787994,783
2019-01-01,QUINDIO,Estrato 2,No,Estrato 2 - No,239.10371517027863,646
2019-01-01,QUINDIO,Estrato 2,Si,Estrato 2 - Si,256.5531229877656,1553
2019-01-01,QUINDIO,Estrato 3,No,Estrato 3 - No,244.27218934911244,169
2019-01-01,QUINDIO,Estrato 3,Si,Estrato 3 - Si,267.61392949269134,1163
2019-01-01,QUINDIO,Sin Estrato,No,Sin Estrato - No,222.92727272727274,55
2019-01-01,QUINDIO,Sin Estrato,Si,Sin Estrato - Si,218.57777777777778,45
2019-01-01,RISARALDA,Estrato 1,No,Estrato 1 - No,231.4271844660194,1339
2019-01-01,RISARALDA,Estrato 1,Si,Estrato 1 - Si,245.1369740376007,1117
2019-01-01,RISARALDA,Estrato 2,No,Estrato 2 - No,235.2484126984127,1260
2019-01-01,RISARALDA,Estrato 2,Si,Estrato 2 - Si,255.2906804733728,2704
2019-01-01,RISARALDA,Estrato 3,No,Estrato 3 - No,239.38141025641025,312
2019-01-01,RISARALDA,Estrato 3,Si,Estrato 3 - Si,263.5997171145686,2121
2019-01-01,RISARALDA,Sin Estrato,No,Sin Estrato - No,207.07368421052632,95
2019-01-01,RISARALDA,Sin Estrato,Si,Sin Estrato - Si,233.51666666666668,60
2019-01-01,SAN ANDRES,Estrato 1,No,Estrato 1 - No,224.67391304347825,92
2019-01-01,SAN ANDRES,Estrato 1,Si,Estrato 1 - Si,226.28571428571428,35
2019-01-01,SAN ANDRES,Estrato 2,No,Estrato 2 - No,226.78980891719746,157
2019-01-01,SAN ANDRES,Estrato 2,Si,Estrato 2 - Si,234.83333333333334,84
2019-01-01,SAN ANDRES,Estrato 3,No,Estrato 3 - No,234.2,75
2019-01-01,SAN ANDRES,Estrato 3,Si,Estrato 3 - Si,257.5764705882353,85
2019-01-01,SAN ANDRES,Sin Estrato,No,Sin Estrato - No,195.4,10
2019-01-01,SAN ANDRES,Sin Estrato,Si,Sin Estrato - Si,199.6,5
2019-01-01,SANTANDER,Estrato 1,No,Estrato 1 - No,246.81825993555316,4655
2019-01-01,SANTANDER,Estrato 1,Si,Estrato 1 - Si,258.9006056287852,2807
2019-01-01,SANTANDER,Estrato 2,No,Estrato 2 - No,252.03691275167785,2980
2019-01-01,SANTANDER,Estrato 2,Si,Estrato 2 - Si,267.9370205173952,5605
2019-01-01,SANTANDER,Estrato 3,No,Estrato 3 - No,247.13711911357342,722
2019-01-01,SANTANDER,Estrato 3,Si,Estrato 3 - Si,281.31068601583115,4548
2019-01-01,SANTANDER,Sin Estrato,No,Sin Estrato - No,219.12765957446808,235
2019-01-01,SANTANDER,Sin Estrato,Si,Sin Estrato - Si,255.24827586206897,145
2019-01-01,SUCRE,Estrato 1,No,Estrato 1 - No,231.78099270759822,4251
2019-01-01,SUCRE,Estrato 1,Si,Estrato 1 - Si,254.68442292171105,1239
2019-01-01,SUCRE,Estrato 2,No,Estrato 2 - No,231.0793774319066,1285
2019-01-01,SUCRE,Estrato 2,Si,Estrato 2 - Si,262.426912568306,1464
2019-01-01,SUCRE,Estrato 3,No,Estrato 3 - No,208.31052631578947,380
2019-01-01,SUCRE,Estrato 3,Si,Estrato 3 - Si,255.84883720930233,516
2019-01-01,SUCRE,Sin Estrato,No,Sin Estrato - No,202.08187134502924,513
2019-01-01,SUCRE,Sin Estrato,Si,Sin Estrato - Si,219.5818181818182,55
2019-01-01,TOLIMA,Estrato 1,No,Estrato 1 - No,225.44746268656718,3350
2019-01-01,TOLIMA,Estrato 1,Si,Estrato 1 - Si,239.06523157208088,1533
2019-01-01,TOLIMA,Estrato 2,No,Estrato 2 - No,230.328125,2752
2019-01-01,TOLIMA,Estrato 2,Si,Estrato 2 - Si,252.33417028075783,4381
2019-01-01,TOLIMA,Estrato 3,No,Estrato 3 - No,226.638202247191,445
2019-01-01,TOLIMA,Estrato 3,Si,Estrato 3 - Si,265.15268292682924,2050
2019-01-01,TOLIMA,Sin Estrato,No,Sin Estrato - No,205.6769911504425,226
2019-01-01,TOLIMA,Sin Estrato,Si,Sin Estrato - Si,218.72,75
2019-01-01,VALLE,Estrato 1,No,Estrato 1 - No,229.98657718120805,4917
2019-01-01,VALLE,Estrato 1,Si,Estrato 1 - Si,243.15720831864647,5674
2019-01-01,VALLE,Estrato 2,No,Estrato 2 - No,236.63941018766755,3730
2019-01-01,VALLE,Estrato 2,Si,Estrato 2 - Si,254.17660626029655,12140
2019-01-01,VALLE,Estrato 3,No,Estrato 3 - No,237.14657666345227,1037
2019-01-01,VALLE,Estrato 3,Si,Estrato 3 - Si,263.54772524531666,8968
2019-01-01,VALLE,Sin Estrato,No,Sin Estrato - No,203.18708240534522,449
2019-01-01,VALLE,Sin Estrato,Si,Sin Estrato - Si,222.45092024539878,326
2019-01-01,VAUPES,Estrato 1,No,Estrato 1 - No,225.8921568627451,102
2019-01-01,VAUPES,Estrato 1,Si,Estrato 1 - Si,229.0,8
2019-01-01,VAUPES,Estrato 2,No,Estrato 2 - No,226.71428571428572,21
2019-01-01,VAUPES,Estrato 2,Si,Estrato 2 - Si,205.0,5
2019-01-01,VAUPES,Estrato 3,No,Estrato 3 - No,201.30769230769232,13
2019-01-01,VAUPES,Estrato 3,Si,Estrato 3 - Si,167.0,2
2019-01-01,VAUPES,Sin Estrato,No,Sin Estrato - No,199.8785046728972,107
2019-01-01,VAUPES,Sin Estrato,Si,Sin Estrato - Si,175.4,5
2019-01-01,VICHADA,Estrato 1,No,Estrato 1 - No,230.21025641025642,195
2019-01-01,VICHADA,Estrato 1,Si,Estrato 1 - Si,237.27027027027026,37
2019-01-01,VICHADA,Estrato 2,No,Estrato 2 - No,236.0,56
2019-01-01,VICHADA,Estrato 2,Si,Estrato 2 - Si,248.84,25
2019-01-01,VICHADA,Estrato 3,No,Estrato 3 - No,238.48,25
2019-01-01,VICHADA,Estrato 3,Si,Estrato 3 - Si,248.1,10
2019-01-01,VICHADA,Sin Estrato,No,Sin Estrato - No,201.65346534653466,101
2019-01-01,VICHADA,Sin Estrato,Si,Sin Estrato - Si,213.66666666666666,6
2020-01-01,AMAZONAS,Estrato 1,No,Estrato 1 - No,215.3248407643312,157
2020-01-01,AMAZONAS,Estrato 1,Si,Estrato 1 - Si,226.15384615384616,26
2020-01-01,AMAZONAS,Estrato 2,No,Estrato 2 - No,228.3230769230769,130
2020-01-01,AMAZONAS,Estrato 2,Si,Estrato 2 - Si,231.62222222222223,45
2020-01-01,AMAZONAS,Estrato 3,No,Estrato 3 - No,233.64473684210526,76
2020-01-01,AMAZONAS,Estrato 3,Si,Estrato 3 - Si,269.93939393939394,33
2020-01-01,AMAZONAS,Sin Estrato,No,Sin Estrato - No,202.2183908045977,87
2020-01-01,AMAZONAS,Sin Estrato,Si,Sin Estrato - Si,221.15384615384616,13
2020-01-01,ANTIOQUIA,Estrato 1,No,Estrato 1 - No,217.198231292517,7350
2020-01-01,ANTIOQUIA,Estrato 1,Si,Estrato 1 - Si,233.32953044313678,8327
2020-01-01,ANTIOQUIA,Estrato 2,No,Estrato 2 - No,224.43139717425433,6370
2020-01-01,ANTIOQUIA,Estrato 2,Si,Estrato 2 - Si,246.9180404209742,21474
2020-01-01,ANTIOQUIA,Estrato 3,No,Estrato 3 - No,222.0884109916368,1674
2020-01-01,ANTIOQUIA,Estrato 3,Si,Estrato 3 - Si,260.62741042642494,16439
2020-01-01,ANTIOQUIA,Sin Estrato,No,Sin Estrato - No,201.59435364041605,673
2020-01-01,ANTIOQUIA,Sin Estrato,Si,Sin Estrato - Si,221.1698473282443,524
2020-01-01,ARAUCA,Estrato 1,No,Estrato 1 - No,236.61904761904762,903
2020-01-01,ARAUCA,Estrato 1,Si,Estrato 1 - Si,252.2849002849003,702
2020-01-01,ARAUCA,Estrato 2,No,Estrato 2 - No,233.31636363636363,275
2020-01-01,ARAUCA,Estrato 2,Si,Estrato 2 - Si,253.29646017699116,452
2020-01-01,ARAUCA,Estrato 3,No,Estrato 3 - No,221.54794520547946,73
2020-01-01,ARAUCA,Estrato 3,Si,Estrato 3 - Si,250.01273885350318,157
2020-01-01,ARAUCA,Sin Estrato,No,Sin Estrato - No,213.53284671532847,137
2020-01-01,ARAUCA,Sin Estrato,Si,Sin Estrato - Si,218.1917808219178,73
2020-01-01,ATLANTICO,Estrato 1,No,Estrato 1 - No,226.2277377794619,5278
2020-01-01,ATLANTICO,Estrato 1,Si,Estrato 1 - Si,247.3820564516129,5952
2020-01-01,ATLANTICO,Estrato 2,No,Estrato 2 - No,225.33961417676088,2229
2020-01-01,ATLANTICO,Estrato 2,Si,Estrato 2 - Si,254.2028901734104,6920
2020-01-01,ATLANTICO,Estrato 3,No,Estrato 3 - No,220.55745341614906,644
2020-01-01,ATLANTICO,Estrato 3,Si,Estrato 3 - Si,262.12032480314963,4064
2020-01-01,ATLANTICO,Sin Estrato,No,Sin Estrato - No,203.86533665835412,401
2020-01-01,ATLANTICO,Sin Estrato,Si,Sin Estrato - Si,218.2175438596491,285
2020-01-01,BOGOTA,Estrato 1,No,Estrato 1 - No,232.4580304031725,1513
2020-01-01,BOGOTA,Estrato 1,Si,Estrato 1 - Si,249.88105352591333,5885
2020-01-01,BOGOTA,Estrato 2,No,Estrato 2 - No,237.91107078039929,2755
2020-01-01,BOGOTA,Estrato 2,Si,Estrato 2 - Si,261.6845438224253,30635
2020-01-01,BOGOTA,Estrato 3,No,Estrato 3 - No,244.9116186693148,1007
2020-01-01,BOGOTA,Estrato 3,Si,Estrato 3 - Si,276.06702788723857,26392
2020-01-01,BOGOTA,Sin Estrato,No,Sin Estrato - No,225.23853211009174,109
2020-01-01,BOGOTA,Sin Estrato,Si,Sin Estrato - Si,245.2404181184669,287
2020-01-01,BOLIVAR,Estrato 1,No,Estrato 1 - No,217.59976226863645,5889
2020-01-01,BOLIVAR,Estrato 1,Si,Estrato 1 - Si,237.50721020521354,3606
2020-01-01,BOLIVAR,Estrato 2,No,Estrato 2 - No,217.69679300291546,2401
2020-01-01,BOLIVAR,Estrato 2,Si,Estrato 2 - Si,249.21815655396017,4318
2020-01-01,BOLIVAR,Estrato 3,No,Estrato 3 - No,207.3672131147541,915
2020-01-01,BOLIVAR,Estrato 3,Si,Estrato 3 - Si,257.73686305732485,2512
2020-01-01,BOLIVAR,Sin Estrato,No,Sin Estrato - No,199.64770070148091,1283
2020-01-01,BOLIVAR,Sin Estrato,Si,Sin Estrato - Si,206.38359201773835,451
2020-01-01,BOYACA,Estrato 1,No,Estrato 1 - No,240.99166350890488,2639
2020-01-01,BOYACA,Estrato 1,Si,Estrato 1 - Si,256.72783083219645,1466
2020-01-01,BOYACA,Estrato 2,No,Estrato 2 - No,246.60354330708662,2540
2020-01-01,BOYACA,Estrato 2,Si,Estrato 2 - Si,271.300508646999,4915
2020-01-01,BOYACA,Estrato 3,No,Estrato 3 - No,241.48377581120943,339
2020-01-01,BOYACA,Estrato 3,Si,Estrato 3 - Si,279.7849002849003,2106
2020-01-01,BOYACA,Sin Estrato,No,Sin Estrato - No,214.4757281553398,103
2020-01-01,BOYACA,Sin Estrato,Si,Sin Estrato - Si,247.3972602739726,73
2020-01-01,CALDAS,Estrato 1,No,Estrato 1 - No,228.5773899848255,1318
2020-01-01,CALDAS,Estrato 1,Si,Estrato 1 - Si,243.06682577565633,1257
2020-01-01,CALDAS,Estrato 2,No,Estrato 2 - No,234.2982158028887,1177
2020-01-01,CALDAS,Estrato 2,Si,Estrato 2 - Si,253.6144177449168,2705
2020-01-01,CALDAS,Estrato 3,No,Estrato 3 - No,226.8403361344538,238
2020-01-01,CALDAS,Estrato 3,Si,Estrato 3 - Si,270.0121512151215,2222
2020-01-01,CALDAS,Sin Estrato,No,Sin Estrato - No,220.25531914893617,94
2020-01-01,CALDAS,Sin Estrato,Si,Sin Estrato - Si,229.48387096774192,62
2020-01-01,CAQUETA,Estrato 1,No,Estrato 1 - No,227.29902491874324,923
2020-01-01,CAQUETA,Estrato 1,Si,Estrato 1 - Si,245.6626768226333,919
2020-01-01,CAQUETA,Estrato 2,No,Estrato 2 - No,227.16618911174785,349
2020-01-01,CAQUETA,Estrato 2,Si,Estrato 2 - Si,247.6055625790139,791
2020-01-01,CAQUETA,Estrato 3,No,Estrato 3 - No,220.6125,80
2020-01-01,CAQUETA,Estrato 3,Si,Estrato 3 - Si,251.64970059880238,334
2020-01-01,CAQUETA,Sin Estrato,No,Sin Estrato - No,210.26896551724138,145
2020-01-01,CAQUETA,Sin Estrato,Si,Sin Estrato - Si,219.91304347826087,69
2020-01-01,CASANARE,Estrato 1,No,Estrato 1 - No,236.55180722891566,1245
2020-01-01,CASANARE,Estrato 1,Si,Estrato 1 - Si,252.73440285204993,1122
2020-01-01,CASANARE,Estrato 2,No,Estrato 2 - No,239.6103448275862,580
2020-01-01,CASANARE,Estrato 2,Si,Estrato 2 - Si,257.5157740278797,1363
2020-01-01,CASANARE,Estrato 3,No,Estrato 3 - No,230.9561403508772,114
2020-01-01,CASANARE,Estrato 3,Si,Estrato 3 - Si,264.9382239382239,518
2020-01-01,CASANARE,Sin Estrato,No,Sin Estrato - No,220.7319587628866,97
2020-01-01,CASANARE,Sin Estrato,Si,Sin Estrato - Si,231.6,40
2020-01-01,CAUCA,Estrato 1,No,Estrato 1 - No,224.04848484848486,3300
2020-01-01,CAUCA,Estrato 1,Si,Estrato 1 - Si,241.67082616179002,2324
2020-01-01,CAUCA,Estrato 2,No,Estrato 2 - No,221.89789029535865,1185
2020-01-01,CAUCA,Estrato 2,Si,Estrato 2 - Si,250.7112827112827,2331
2020-01-01,CAUCA,Estrato 3,No,Estrato 3 - No,208.85714285714286,392
2020-01-01,CAUCA,Estrato 3,Si,Estrato 3 - Si,256.2610169491525,1180
2020-01-01,CAUCA,Sin Estrato,No,Sin Estrato - No,204.26934523809524,672
2020-01-01,CAUCA,Sin Estrato,Si,Sin Estrato - Si,214.58609271523179,302
2020-01-01,CESAR,Estrato 1,No,Estrato 1 - No,228.4858006042296,3310
2020-01-01,CESAR,Estrato 1,Si,Estrato 1 - Si,245.52404978136562,2973
2020-01-01,CESAR,Estrato 2,No,Estrato 2 - No,228.14300960512273,937
2020-01-01,CESAR,Estrato 2,Si,Estrato 2 - Si,253.41092539747248,2453
2020-01-01,CESAR,Estrato 3,No,Estrato 3 - No,217.9442231075697,251
2020-01-01,CESAR,Estrato 3,Si,Estrato 3 - Si,265.3503787878788,1056
2020-01-01,CESAR,Sin Estrato,No,Sin Estrato - No,212.13118811881188,404
2020-01-01,CESAR,Sin Estrato,Si,Sin Estrato - Si,210.53571428571428,168
2020-01-01,CHOCO,Estrato 1,No,Estrato 1 - No,210.8283105022831,1095
2020-01-01,CHOCO,Estrato 1,Si,Estrato 1 - Si,229.24064171122996,748
2020-01-01,CHOCO,Estrato 2,No,Estrato 2 - No,205.60511363636363,352
2020-01-01,CHOCO,Estrato 2,Si,Estrato 2 - Si,220.37179487179486,390
2020-01-01,CHOCO,Estrato 3,No,Estrato 3 - No,194.04040404040404,198
2020-01-01,CHOCO,Estrato 3,Si,Estrato 3 - Si,215.26538461538462,260
2020-01-01,CHOCO,Sin Estrato,No,Sin Estrato - No,192.0,406
2020-01-01,CHOCO,Sin Estrato,Si,Sin Estrato - Si,195.02463054187191,203
2020-01-01,CORDOBA,Estrato 1,No,Estrato 1 - No,228.98442156597127,7382
2020-01-01,CORDOBA,Estrato 1,Si,Estrato 1 - Si,252.33197969543147,3940
2020-01-01,CORDOBA,Estrato 2,No,Estrato 2 - No,220.8460704607046,1845
2020-01-01,CORDOBA,Estrato 2,Si,Estrato 2 - Si,256.12719665271965,2390
2020-01-01,CORDOBA,Estrato 3,No,Estrato 3 - No,212.2582322357019,577
2020-01-01,CORDOBA,Estrato 3,Si,Estrato 3 - Si,254.80905077262693,906
2020-01-01,CORDOBA,Sin Estrato,No,Sin Estrato - No,204.20765027322403,915
2020-01-01,CORDOBA,Sin Estrato,Si,Sin Estrato - Si,213.89617486338798,183
2020-01-01,CUNDINAMARCA,Estrato 1,No,Estrato 1 - No,235.35542816194913,2791
2020-01-01,CUNDINAMARCA,Estrato 1,Si,Estrato 1 - Si,247.53957055214724,3260
2020-01-01,CUNDINAMARCA,Estrato 2,No,Estrato 2 - No,241.2892892892893,2997
2020-01-01,CUNDINAMARCA,Estrato 2,Si,Estrato 2 - Si,260.1338629762515,11706
2020-01-01,CUNDINAMARCA,Estrato 3,No,Estrato 3 - No,241.1608108108108,740
2020-01-01,CUNDINAMARCA,Estrato 3,Si,Estrato 3 - Si,268.3062640059759,9371
2020-01-01,CUNDINAMARCA,Sin Estrato,No,Sin Estrato - No,224.99,200
2020-01-01,CUNDINAMARCA,Sin Estrato,Si,Sin Estrato - Si,241.79245283018867,212
2020-01-01,EXTRANJERO,Estrato 1,No,Estrato 1 - No,235.8,5
2020-01-01,EXTRANJERO,Estrato 1,Si,Estrato 1 - Si,280.0,6
2020-01-01,EXTRANJERO,Estrato 2,No,Estrato 2 - No,284.0,1
2020-01-01,EXTRANJERO,Estrato 2,Si,Estrato 2 - Si,244.0,2
2020-01-01,EXTRANJERO,Estrato 3,Si,Estrato 3 - Si,220.25,4
2020-01-01,EXTRANJERO,Sin Estrato,Si,Sin Estrato - Si,200.0,1
2020-01-01,GUAINIA,Estrato 1,No,Estrato 1 - No,229.40540540540542,74
2020-01-01,GUAINIA,Estrato 1,Si,Estrato 1 - Si,233.14285714285714,14
2020-01-01,GUAINIA,Estrato 2,No,Estrato 2 - No,237.3846153846154,39
2020-01-01,GUAINIA,Estrato 2,Si,Estrato 2 - Si,260.76666666666665,30
2020-01-01,GUAINIA,Estrato 3,No,Estrato 3 - No,206.55555555555554,9
2020-01-01,GUAINIA,Estrato 3,Si,Estrato 3 - Si,255.53333333333333,15
2020-01-01,GUAINIA,Sin Estrato,No,Sin Estrato - No,199.59016393442624,61
2020-01-01,GUAINIA,Sin Estrato,Si,Sin Estrato - Si,187.14285714285714,7
2020-01-01,GUAVIARE,Estrato 1,No,Estrato 1 - No,222.93534482758622,232
2020-01-01,GUAVIARE,Estrato 1,Si,Estrato 1 - Si,242.7173913043478,138
2020-01-01,GUAVIARE,Estrato 2,No,Estrato 2 - No,227.8494623655914,93
2020-01-01,GUAVIARE,Estrato 2,Si,Estrato 2 - Si,243.49068322981367,161
2020-01-01,GUAVIARE,Estrato 3,No,Estrato 3 - No,222.61904761904762,21
2020-01-01,GUAVIARE,Estrato 3,Si,Estrato 3 - Si,235.40677966101694,59
2020-01-01,GUAVIARE,Sin Estrato,No,Sin Estrato - No,219.12962962962962,54
2020-01-01,GUAVIARE,Sin Estrato,Si,Sin Estrato - Si,198.41666666666666,12
2020-01-01,HUILA,Estrato 1,No,Estrato 1 - No,238.785687523417,2669
2020-01-01,HUILA,Estrato 1,Si,Estrato 1 - Si,250.39137017411053,2642
2020-01-01,HUILA,Estrato 2,No,Estrato 2 - No,238.9099836333879,1222
2020-01-01,HUILA,Estrato 2,Si,Estrato 2 - Si,260.9384615384615,3510
2020-01-01,HUILA,Estrato 3,No,Estrato 3 - No,226.01960784313727,153
2020-01-01,HUILA,Estrato 3,Si,Estrato 3 - Si,270.8046103183315,911
2020-01-01,HUILA,Sin Estrato,No,Sin Estrato - No,213.3181818181818,132
2020-01-01,HUILA,Sin Estrato,Si,Sin Estrato - Si,230.34343434343435,99
2020-01-01,LA GUAJIRA,Estrato 1,No,Estrato 1 - No,221.80129032258066,1550
2020-01-01,LA GUAJIRA,Estrato 1,Si,Estrato 1 - Si,239.93305785123968,1210
2020-01-01,LA GUAJIRA,Estrato 2,No,Estrato 2 - No,222.49867724867724,756
2020-01-01,LA GUAJIRA,Estrato 2,Si,Estrato 2 - Si,249.82915717539862,1317
2020-01-01,LA GUAJIRA,Estrato 3,No,Estrato 3 - No,211.50557620817844,269
2020-01-01,LA GUAJIRA,Estrato 3,Si,Estrato 3 - Si,246.76265270506107,573
2020-01-01,LA GUAJIRA,Sin Estrato,No,Sin Estrato - No,198.37545787545787,1092
2020-01-01,LA GUAJIRA,Sin Estrato,Si,Sin Estrato - Si,208.75886524822695,282
2020-01-01,MAGDALENA,Estrato 1,No,Estrato 1 - No,217.47889217531593,3719
2020-01-01,MAGDALENA,Estrato 1,Si,Estrato 1 - Si,233.7202247191011,2670
2020-01-01,MAGDALENA,Estrato 2,No,Estrato 2 - No,215.54304160688665,1394
2020-01-01,MAGDALENA,Estrato 2,Si,Estrato 2 - Si,237.89388794567063,2356
2020-01-01,MAGDALENA,Estrato 3,No,Estrato 3 - No,210.930966469428,507
2020-01-01,MAGDALENA,Estrato 3,Si,Estrato 3 - Si,250.88492990654206,1712
2020-01-01,MAGDALENA,Sin Estrato,No,Sin Estrato - No,201.63685344827587,928
2020-01-01,MAGDALENA,Sin Estrato,Si,Sin Estrato - Si,209.62135922330097,309
2020-01-01,META,Estrato 1,No,Estrato 1 - No,233.6747149564051,1491
2020-01-01,META,Estrato 1,Si,Estrato 1 - Si,248.24151898734178,1975
2020-01-01,META,Estrato 2,No,Estrato 2 - No,236.302192564347,1049
2020-01-01,META,Estrato 2,Si,Estrato 2 - Si,252.8156337589536,3211
2020-01-01,META,Estrato 3,No,Estrato 3 - No,235.97967479674796,246
2020-01-01,META,Estrato 3,Si,Estrato 3 - Si,267.0826787928896,2419
2020-01-01,META,Sin Estrato,No,Sin Estrato - No,219.455,200
2020-01-01,META,Sin Estrato,Si,Sin Estrato - Si,224.47619047619048,84
2020-01-01,NARIÑO,Estrato 1,No,Estrato 1 - No,239.73087518542064,4719
2020-01-01,NARIÑO,Estrato 1,Si,Estrato 1 - Si,257.2963281698221,3486
2020-01-01,NARIÑO,Estrato 2,No,Estrato 2 - No,235.84550797649035,1191
2020-01-01,NARIÑO,Estrato 2,Si,Estrato 2 - Si,265.52655367231637,2655
2020-01-01,NARIÑO,Estrato 3,No,Estrato 3 - No,216.6525679758308,331
2020-01-01,NARIÑO,Estrato 3,Si,Estrato 3 - Si,272.60421735604217,1233
2020-01-01,NARIÑO,Sin Estrato,No,Sin Estrato - No,207.53816046966733,511
2020-01-01,NARIÑO,Sin Estrato,Si,Sin Estrato - Si,226.34552845528455,246
2020-01-01,NORTE SANTANDER,Estrato 1,No,Estrato 1 - No,240.79686411149825,2870
2020-01-01,NORTE SANTANDER,Estrato 1,Si,Estrato 1 - Si,257.64647160068847,2905
2020-01-01,NORTE SANTANDER,Estrato 2,No,Estrato 2 - No,242.13018096906012,1713
2020-01-01,NORTE SANTANDER,Estrato 2,Si,Estrato 2 - Si,265.63287864534334,4252
2020-01-01,NORTE SANTANDER,Estrato 3,No,Estrato 3 - No,231.5589519650655,229
2020-01-01,NORTE SANTANDER,Estrato 3,Si,Estrato 3 - Si,274.3403973509934,1510
2020-01-01,NORTE SANTANDER,Sin Estrato,No,Sin Estrato - No,213.4873417721519,158
2020-01-01,NORTE SANTANDER,Sin Estrato,Si,Sin Estrato - Si,237.43529411764706,85
2020-01-01,PUTUMAYO,Estrato 1,No,Estrato 1 - No,231.5869365225391,1087
2020-01-01,PUTUMAYO,Estrato 1,Si,Estrato 1 - Si,252.09287257019437,926
2020-01-01,PUTUMAYO,Estrato 2,No,Estrato 2 - No,225.99141630901286,233
2020-01-01,PUTUMAYO,Estrato 2,Si,Estrato 2 - Si,253.67489711934155,486
2020-01-01,PUTUMAYO,Estrato 3,No,Estrato 3 - No,224.03896103896105,77
2020-01-01,PUTUMAYO,Estrato 3,Si,Estrato 3 - Si,248.2828282828283,198
2020-01-01,PUTUMAYO,Sin Estrato,No,Sin Estrato - No,211.1934426229508,305
2020-01-01,PUTUMAYO,Sin Estrato,Si,Sin Estrato - Si,229.89830508474577,118
2020-01-01,QUINDIO,Estrato 1,No,Estrato 1 - No,230.28130360205833,583
2020-01-01,QUINDIO,Estrato 1,Si,Estrato 1 - Si,246.94098360655738,915
2020-01-01,QUINDIO,Estrato 2,No,Estrato 2 - No,238.099173553719,484
2020-01-01,QUINDIO,Estrato 2,Si,Estrato 2 - Si,255.67337550316273,1739
2020-01-01,QUINDIO,Estrato 3,No,Estrato 3 - No,232.2340425531915,94
2020-01-01,QUINDIO,Estrato 3,Si,Estrato 3 - Si,268.1914722445696,1243
2020-01-01,QUINDIO,Sin Estrato,No,Sin Estrato - No,211.70212765957447,47
2020-01-01,QUINDIO,Sin Estrato,Si,Sin Estrato - Si,231.1590909090909,44
2020-01-01,RISARALDA,Estrato 1,No,Estrato 1 - No,231.40276179516687,869
2020-01-01,RISARALDA,Estrato 1,Si,Estrato 1 - Si,245.1890756302521,1190
2020-01-01,RISARALDA,Estrato 2,No,Estrato 2 - No,233.02918781725887,788
2020-01-01,RISARALDA,Estrato 2,Si,Estrato 2 - Si,254.61461318051576,2792
2020-01-01,RISARALDA,Estrato 3,No,Estrato 3 - No,236.46368715083798,179
2020-01-01,RISARALDA,Estrato 3,Si,Estrato 3 - Si,263.32160312805473,2046
2020-01-01,RISARALDA,Sin Estrato,No,Sin Estrato - No,206.5818181818182,55
2020-01-01,RISARALDA,Sin Estrato,Si,Sin Estrato - Si,215.72,50
2020-01-01,SAN ANDRES,Estrato 1,No,Estrato 1 - No,223.52325581395348,86
2020-01-01,SAN ANDRES,Estrato 1,Si,Estrato 1 - Si,225.9375,48
2020-01-01,SAN ANDRES,Estrato 2,No,Estrato 2 - No,228.13013698630138,146
2020-01-01,SAN ANDRES,Estrato 2,Si,Estrato 2 - Si,243.6764705882353,102
2020-01-01,SAN ANDRES,Estrato 3,No,Estrato 3 - No,241.578125,64
2020-01-01,SAN ANDRES,Estrato 3,Si,Estrato 3 - Si,257.32,75
2020-01-01,SAN ANDRES,Sin Estrato,No,Sin Estrato - No,178.85714285714286,7
2020-01-01,SAN ANDRES,Sin Estrato,Si,Sin Estrato - Si,263.2,5
2020-01-01,SANTANDER,Estrato 1,No,Estrato 1 - No,245.94509345794393,3424
2020-01-01,SANTANDER,Estrato 1,Si,Estrato 1 - Si,257.2353109773574,3489
2020-01-01,SANTANDER,Estrato 2,No,Estrato 2 - No,248.4942298043151,1993
2020-01-01,SANTANDER,Estrato 2,Si,Estrato 2 - Si,266.9011075949367,6320
2020-01-01,SANTANDER,Estrato 3,No,Estrato 3 - No,239.57330415754925,457
2020-01-01,SANTANDER,Estrato 3,Si,Estrato 3 - Si,276.7886956521739,4600
2020-01-01,SANTANDER,Sin Estrato,No,Sin Estrato - No,224.9731182795699,186
2020-01-01,SANTANDER,Sin Estrato,Si,Sin Estrato - Si,248.0506329113924,158
2020-01-01,SUCRE,Estrato 1,No,Estrato 1 - No,227.45614558472553,3352
2020-01-01,SUCRE,Estrato 1,Si,Estrato 1 - Si,251.83367662203912,1942
2020-01-01,SUCRE,Estrato 2,No,Estrato 2 - No,221.86844809866392,973
2020-01-01,SUCRE,Estrato 2,Si,Estrato 2 - Si,259.4693381906497,1647
2020-01-01,SUCRE,Estrato 3,No,Estrato 3 - No,207.08196721311475,305
2020-01-01,SUCRE,Estrato 3,Si,Estrato 3 - Si,252.65067178502878,521
2020-01-01,SUCRE,Sin Estrato,No,Sin Estrato - No,204.75249500998004,501
2020-01-01,SUCRE,Sin Estrato,Si,Sin Estrato - Si,210.66037735849056,106
2020-01-01,TOLIMA,Estrato 1,No,Estrato 1 - No,225.13687359760658,2674
2020-01-01,TOLIMA,Estrato 1,Si,Estrato 1 - Si,239.24078624078624,2035
2020-01-01,TOLIMA,Estrato 2,No,Estrato 2 - No,227.6748436748437,2079
2020-01-01,TOLIMA,Estrato 2,Si,Estrato 2 - Si,250.94011616262767,4993
2020-01-01,TOLIMA,Estrato 3,No,Estrato 3 - No,223.03692307692307,325
2020-01-01,TOLIMA,Estrato 3,Si,Estrato 3 - Si,262.83790060380863,2153
2020-01-01,TOLIMA,Sin Estrato,No,Sin Estrato - No,207.5639534883721,172
2020-01-01,TOLIMA,Sin Estrato,Si,Sin Estrato - Si,221.97560975609755,82
2020-01-01,VALLE,Estrato 1,No,Estrato 1 - No,225.71593601895734,3376
2020-01-01,VALLE,Estrato 1,Si,Estrato 1 - Si,243.46602926263944,6903
2020-01-01,VALLE,Estrato 2,No,Estrato 2 - No,231.9141999141999,2331
2020-01-01,VALLE,Estrato 2,Si,Estrato 2 - Si,254.4333668497177,12929
2020-01-01,VALLE,Estrato 3,No,Estrato 3 - No,229.55374592833877,614
2020-01-01,VALLE,Estrato 3,Si,Estrato 3 - Si,262.6161735235176,8483
2020-01-01,VALLE,Sin Estrato,No,Sin Estrato - No,208.01506024096386,332
2020-01-01,VALLE,Sin Estrato,Si,Sin Estrato - Si,225.8510101010101,396
2020-01-01,VAUPES,Estrato 1,No,Estrato 1 - No,220.3706896551724,116
2020-01-01,VAUPES,Estrato 1,Si,Estrato 1 - Si,227.33333333333334,6
2020-01-01,VAUPES,Estrato 2,No,Estrato 2 - No,214.5,30
2020-01-01,VAUPES,Estrato 2,Si,Estrato 2 - Si,223.66666666666666,12
2020-01-01,VAUPES,Estrato 3,No,Estrato 3 - No,204.65,20
2020-01-01,VAUPES,Estrato 3,Si,Estrato 3 - Si,209.28571428571428,7
2020-01-01,VAUPES,Sin Estrato,No,Sin Estrato - No,195.96,75
2020-01-01,VAUPES,Sin Estrato,Si,Sin Estrato - Si,201.16666666666666,6
2020-01-01,VICHADA,Estrato 1,No,Estrato 1 - No,233.21787709497207,179
2020-01-01,VICHADA,Estrato 1,Si,Estrato 1 - Si,229.95454545454547,44
2020-01-01,VICHADA,Estrato 2,No,Estrato 2 - No,221.27586206896552,58
2020-01-01,VICHADA,Estrato 2,Si,Estrato 2 - Si,231.64705882352942,34
2020-01-01,VICHADA,Estrato 3,No,Estrato 3 - No,218.75,28
2020-01-01,VICHADA,Estrato 3,Si,Estrato 3 - Si,238.25,24
2020-01-01,VICHADA,Sin Estrato,No,Sin Estrato - No,198.80851063829786,94
2020-01-01,VICHADA,Sin Estrato,Si,Sin Estrato - Si,244.2,10
