PERIODO,ESTU_DEPTO_RESIDE,FAMI_ESTRATOVIVIENDA,ESTU_DEDICACIONINTERNET,Estrato - Internet,PUNT_GLOBAL,Conteo
2017-01-01,AMAZONAS,Estrato 1,NO,Estrato 1 - NO,220.22784810126583,79
2017-01-01,AMAZONAS,Estrato 1,SI,Estrato 1 - SI,226.39810426540285,211
2017-01-01,AMAZONAS,Estrato 2,NO,Estrato 2 - NO,219.68571428571428,35
2017-01-01,AMAZONAS,Estrato 2,SI,Estrato 2 - SI,241.6534090909091,176
2017-01-01,AMAZONAS,Estrato 3,NO,Estrato 3 - NO,236.2,15
2017-01-01,AMAZONAS,Estrato 3,SI,Estrato 3 - SI,258.425,80
2017-01-01,AMAZONAS,Sin Estrato,NO,Sin Estrato - NO,208.27118644067798,59
2017-01-01,AMAZONAS,Sin Estrato,SI,Sin Estrato - SI,210.62637362637363,91
2017-01-01,ANTIOQUIA,Estrato 1,NO,Estrato 1 - NO,220.6854571293226,2111
2017-01-01,ANTIOQUIA,Estrato 1,SI,Estrato 1 - SI,239.16163778222744,14483
2017-01-01,ANTIOQUIA,Estrato 2,NO,Estrato 2 - NO,229.0480461242793,1561
2017-01-01,ANTIOQUIA,Estrato 2,SI,Estrato 2 - SI,253.14333307804242,26114
2017-01-01,ANTIOQUIA,Estrato 3,NO,Estrato 3 - NO,225.07212475633528,513
2017-01-01,ANTIOQUIA,Estrato 3,SI,Estrato 3 - SI,267.8157568604308,16945
2017-01-01,ANTIOQUIA,Sin Estrato,NO,Sin Estrato - NO,206.5645933014354,209
2017-01-01,ANTIOQUIA,Sin Estrato,SI,Sin Estrato - SI,219.20609756097562,820
2017-01-01,ARAUCA,Estrato 1,NO,Estrato 1 - NO,242.4907063197026,269
2017-01-01,ARAUCA,Estrato 1,SI,Estrato 1 - SI,254.60562414266118,1458
2017-01-01,ARAUCA,Estrato 2,NO,Estrato 2 - NO,238.61702127659575,47
2017-01-01,ARAUCA,Estrato 2,SI,Estrato 2 - SI,260.992,625
2017-01-01,ARAUCA,Estrato 3,NO,Estrato 3 - NO,252.1875,16
2017-01-01,ARAUCA,Estrato 3,SI,Estrato 3 - SI,256.63186813186815,182
2017-01-01,ARAUCA,Sin Estrato,NO,Sin Estrato - NO,225.66666666666666,39
2017-01-01,ARAUCA,Sin Estrato,SI,Sin Estrato - SI,238.0608695652174,115
2017-01-01,ATLANTICO,Estrato 1,NO,Estrato 1 - NO,230.89071038251367,732
2017-01-01,ATLANTICO,Estrato 1,SI,Estrato 1 - SI,244.24265402843602,11605
2017-01-01,ATLANTICO,Estrato 2,NO,Estrato 2 - NO,230.42066420664207,271
2017-01-01,ATLANTICO,Estrato 2,SI,Estrato 2 - SI,255.45654794520547,9125
2017-01-01,ATLANTICO,Estrato 3,NO,Estrato 3 - NO,225.02479338842974,121
2017-01-01,ATLANTICO,Estrato 3,SI,Estrato 3 - SI,261.0980432972523,4804
2017-01-01,ATLANTICO,Sin Estrato,NO,Sin Estrato - NO,206.59036144578315,83
2017-01-01,ATLANTICO,Sin Estrato,SI,Sin Estrato - SI,214.75465313028764,591
2017-01-01,BOGOTA,Estrato 1,NO,Estrato 1 - NO,237.88489208633092,556
2017-01-01,BOGOTA,Estrato 1,SI,Estrato 1 - SI,254.20991547874354,7927
2017-01-01,BOGOTA,Estrato 2,NO,Estrato 2 - NO,246.5644699140401,1047
2017-01-01,BOGOTA,Estrato 2,SI,Estrato 2 - SI,268.19345482405737,36546
2017-01-01,BOGOTA,Estrato 3,NO,Estrato 3 - NO,251.5011135857461,449
2017-01-01,BOGOTA,Estrato 3,SI,Estrato 3 - SI,283.59721034278573,30398
2017-01-01,BOGOTA,Sin Estrato,NO,Sin Estrato - NO,237.9047619047619,63
2017-01-01,BOGOTA,Sin Estrato,SI,Sin Estrato - SI,238.40618101545255,453
2017-01-01,BOLIVAR,Estrato 1,NO,Estrato 1 - NO,225.7647754137116,846
2017-01-01,BOLIVAR,Estrato 1,SI,Estrato 1 - SI,237.13123081807598,9449
2017-01-01,BOLIVAR,Estrato 2,NO,Estrato 2 - NO,229.27169811320755,265
2017-01-01,BOLIVAR,Estrato 2,SI,Estrato 2 - SI,249.49948096885814,5780
2017-01-01,BOLIVAR,Estrato 3,NO,Estrato 3 - NO,219.31623931623932,117
2017-01-01,BOLIVAR,Estrato 3,SI,Estrato 3 - SI,252.91947626841244,3055
2017-01-01,BOLIVAR,Sin Estrato,NO,Sin Estrato - NO,200.53813559322035,236
2017-01-01,BOLIVAR,Sin Estrato,SI,Sin Estrato - SI,211.41987466427932,1117
2017-01-01,BOYACA,Estrato 1,NO,Estrato 1 - NO,251.46314325452016,719
2017-01-01,BOYACA,Estrato 1,SI,Estrato 1 - SI,256.4342602892102,4495
2017-01-01,BOYACA,Estrato 2,NO,Estrato 2 - NO,263.4004024144869,497
2017-01-01,BOYACA,Estrato 2,SI,Estrato 2 - SI,272.94646562456774,7229
2017-01-01,BOYACA,Estrato 3,NO,Estrato 3 - NO,244.59420289855072,69
2017-01-01,BOYACA,Estrato 3,SI,Estrato 3 - SI,285.4991204925242,2274
2017-01-01,BOYACA,Sin Estrato,NO,Sin Estrato - NO,239.725,40
2017-01-01,BOYACA,Sin Estrato,SI,Sin Estrato - SI,246.54225352112675,142
2017-01-01,CALDAS,Estrato 1,NO,Estrato 1 - NO,232.9494680851064,376
2017-01-01,CALDAS,Estrato 1,SI,Estrato 1 - SI,245.4160853508412,2437
2017-01-01,CALDAS,Estrato 2,NO,Estrato 2 - NO,236.25762711864408,295
2017-01-01,CALDAS,Estrato 2,SI,Estrato 2 - SI,254.39939276842395,3623
2017-01-01,CALDAS,Estrato 3,NO,Estrato 3 - NO,239.74285714285713,70
2017-01-01,CALDAS,Estrato 3,SI,Estrato 3 - SI,269.2392055267703,2316
2017-01-01,CALDAS,Sin Estrato,NO,Sin Estrato - NO,216.27272727272728,33
2017-01-01,CALDAS,Sin Estrato,SI,Sin Estrato - SI,238.3170731707317,164
2017-01-01,CAQUETA,Estrato 1,NO,Estrato 1 - NO,230.8779761904762,336
2017-01-01,CAQUETA,Estrato 1,SI,Estrato 1 - SI,249.5828511309837,1901
2017-01-01,CAQUETA,Estrato 2,NO,Estrato 2 - NO,240.85897435897436,78
2017-01-01,CAQUETA,Estrato 2,SI,Estrato 2 - SI,255.72617743702082,913
2017-01-01,CAQUETA,Estrato 3,NO,Estrato 3 - NO,216.8846153846154,26
2017-01-01,CAQUETA,Estrato 3,SI,Estrato 3 - SI,247.2668918918919,296
2017-01-01,CAQUETA,Sin Estrato,NO,Sin Estrato - NO,207.825,80
2017-01-01,CAQUETA,Sin Estrato,SI,Sin Estrato - SI,218.8057142857143,175
2017-01-01,CASANARE,Estrato 1,NO,Estrato 1 - NO,238.6955380577428,381
2017-01-01,CASANARE,Estrato 1,SI,Estrato 1 - SI,253.39953810623555,2165
2017-01-01,CASANARE,Estrato 2,NO,Estrato 2 - NO,244.04511278195488,133
2017-01-01,CASANARE,Estrato 2,SI,Estrato 2 - SI,263.7314375987362,1899
2017-01-01,CASANARE,Estrato 3,NO,Estrato 3 - NO,239.96,25
2017-01-01,CASANARE,Estrato 3,SI,Estrato 3 - SI,270.2024048096192,499
2017-01-01,CASANARE,Sin Estrato,NO,Sin Estrato - NO,214.9512195121951,41
2017-01-01,CASANARE,Sin Estrato,SI,Sin Estrato - SI,229.1090909090909,110
2017-01-01,CAUCA,Estrato 1,NO,Estrato 1 - NO,230.4734432234432,1092
2017-01-01,CAUCA,Estrato 1,SI,Estrato 1 - SI,238.71024042742653,5615
2017-01-01,CAUCA,Estrato 2,NO,Estrato 2 - NO,233.98969072164948,291
2017-01-01,CAUCA,Estrato 2,SI,Estrato 2 - SI,246.81096929975854,2899
2017-01-01,CAUCA,Estrato 3,NO,Estrato 3 - NO,214.63366336633663,101
2017-01-01,CAUCA,Estrato 3,SI,Estrato 3 - SI,245.17637130801688,1185
2017-01-01,CAUCA,Sin Estrato,NO,Sin Estrato - NO,212.13333333333333,195
2017-01-01,CAUCA,Sin Estrato,SI,Sin Estrato - SI,214.80599369085172,634
2017-01-01,CESAR,Estrato 1,NO,Estrato 1 - NO,238.04172876304023,671
2017-01-01,CESAR,Estrato 1,SI,Estrato 1 - SI,244.1178529754959,5999
2017-01-01,CESAR,Estrato 2,NO,Estrato 2 - NO,238.58860759493672,158
2017-01-01,CESAR,Estrato 2,SI,Estrato 2 - SI,255.6875414181577,3018
2017-01-01,CESAR,Estrato 3,NO,Estrato 3 - NO,227.70689655172413,58
2017-01-01,CESAR,Estrato 3,SI,Estrato 3 - SI,265.31508078994614,1114
2017-01-01,CESAR,Sin Estrato,NO,Sin Estrato - NO,214.33018867924528,106
2017-01-01,CESAR,Sin Estrato,SI,Sin Estrato - SI,220.64156626506025,332
2017-01-01,CHOCO,Estrato 1,NO,Estrato 1 - NO,209.6880733944954,218
2017-01-01,CHOCO,Estrato 1,SI,Estrato 1 - SI,224.67318132464712,1842
2017-01-01,CHOCO,Estrato 2,NO,Estrato 2 - NO,202.40350877192984,57
2017-01-01,CHOCO,Estrato 2,SI,Estrato 2 - SI,222.15859766277129,599
2017-01-01,CHOCO,Estrato 3,NO,Estrato 3 - NO,194.3658536585366,41
2017-01-01,CHOCO,Estrato 3,SI,Estrato 3 - SI,215.63532763532763,351
2017-01-01,CHOCO,Sin Estrato,NO,Sin Estrato - NO,194.73170731707316,82
2017-01-01,CHOCO,Sin Estrato,SI,Sin Estrato - SI,199.75477707006368,314
2017-01-01,CORDOBA,Estrato 1,NO,Estrato 1 - NO,237.73006134969324,1304
2017-01-01,CORDOBA,Estrato 1,SI,Estrato 1 - SI,248.80031308091185,10221
2017-01-01,CORDOBA,Estrato 2,NO,Estrato 2 - NO,229.90393013100436,229
2017-01-01,CORDOBA,Estrato 2,SI,Estrato 2 - SI,256.6614278103356,3754
2017-01-01,CORDOBA,Estrato 3,NO,Estrato 3 - NO,224.9468085106383,94
2017-01-01,CORDOBA,Estrato 3,SI,Estrato 3 - SI,248.79843137254903,1275
2017-01-01,CORDOBA,Sin Estrato,NO,Sin Estrato - NO,211.66976744186047,215
2017-01-01,CORDOBA,Sin Estrato,SI,Sin Estrato - SI,217.464447806354,661
2017-01-01,CUNDINAMARCA,Estrato 1,NO,Estrato 1 - NO,238.07905982905982,936
2017-01-01,CUNDINAMARCA,Estrato 1,SI,Estrato 1 - SI,251.18639139284676,6878
2017-01-01,CUNDINAMARCA,Estrato 2,NO,Estrato 2 - NO,250.29439252336448,856
2017-01-01,CUNDINAMARCA,Estrato 2,SI,Estrato 2 - SI,264.01729413329787,15034
2017-01-01,CUNDINAMARCA,Estrato 3,NO,Estrato 3 - NO,244.02304147465438,217
2017-01-01,CUNDINAMARCA,Estrato 3,SI,Estrato 3 - SI,271.35583768391075,8428
2017-01-01,CUNDINAMARCA,Sin Estrato,NO,Sin Estrato - NO,226.83823529411765,68
2017-01-01,CUNDINAMARCA,Sin Estrato,SI,Sin Estrato - SI,243.69408740359899,389
2017-01-01,EXTRANJERO,Estrato 1,SI,Estrato 1 - SI,223.0,1
2017-01-01,EXTRANJERO,Estrato 2,SI,Estrato 2 - SI,224.0,1
2017-01-01,EXTRANJERO,Sin Estrato,SI,Sin Estrato - SI,248.0,1
2017-01-01,GUAINIA,Estrato 1,NO,Estrato 1 - NO,249.9,30
2017-01-01,GUAINIA,Estrato 1,SI,Estrato 1 - SI,251.20731707317074,82
2017-01-01,GUAINIA,Estrato 2,NO,Estrato 2 - NO,249.0,7
2017-01-01,GUAINIA,Estrato 2,SI,Estrato 2 - SI,258.82,50
2017-01-01,GUAINIA,Estrato 3,SI,Estrato 3 - SI,262.0,13
2017-01-01,GUAINIA,Sin Estrato,NO,Sin Estrato - NO,227.8125,16
2017-01-01,GUAINIA,Sin Estrato,SI,Sin Estrato - SI,231.25,16
2017-01-01,GUAVIARE,Estrato 1,NO,Estrato 1 - NO,237.77777777777777,99
2017-01-01,GUAVIARE,Estrato 1,SI,Estrato 1 - SI,235.08716707021793,413
2017-01-01,GUAVIARE,Estrato 2,NO,Estrato 2 - NO,239.75757575757575,33
2017-01-01,GUAVIARE,Estrato 2,SI,Estrato 2 - SI,244.18848167539267,191
2017-01-01,GUAVIARE,Estrato 3,NO,Estrato 3 - NO,208.33333333333334,6
2017-01-01,GUAVIARE,Estrato 3,SI,Estrato 3 - SI,254.22641509433961,53
2017-01-01,GUAVIARE,Sin Estrato,NO,Sin Estrato - NO,220.11111111111111,36
2017-01-01,GUAVIARE,Sin Estrato,SI,Sin Estrato - SI,222.15714285714284,70
2017-01-01,HUILA,Estrato 1,NO,Estrato 1 - NO,237.84339622641508,1060
2017-01-01,HUILA,Estrato 1,SI,Estrato 1 - SI,249.2430210652509,5839
2017-01-01,HUILA,Estrato 2,NO,Estrato 2 - NO,236.55774647887324,355
2017-01-01,HUILA,Estrato 2,SI,Estrato 2 - SI,263.16450216450215,4851
2017-01-01,HUILA,Estrato 3,NO,Estrato 3 - NO,221.74358974358975,39
2017-01-01,HUILA,Estrato 3,SI,Estrato 3 - SI,271.1886409736308,986
2017-01-01,HUILA,Sin Estrato,NO,Sin Estrato - NO,220.75675675675674,74
2017-01-01,HUILA,Sin Estrato,SI,Sin Estrato - SI,237.62100456621005,219
2017-01-01,LA GUAJIRA,Estrato 1,NO,Estrato 1 - NO,226.36491228070176,285
2017-01-01,LA GUAJIRA,Estrato 1,SI,Estrato 1 - SI,238.4565400843882,2370
2017-01-01,LA GUAJIRA,Estrato 2,NO,Estrato 2 - NO,234.54471544715446,123
2017-01-01,LA GUAJIRA,Estrato 2,SI,Estrato 2 - SI,245.75845697329376,1685
2017-01-01,LA GUAJIRA,Estrato 3,NO,Estrato 3 - NO,230.0754716981132,53
2017-01-01,LA GUAJIRA,Estrato 3,SI,Estrato 3 - SI,238.3492252681764,839
2017-01-01,LA GUAJIRA,Sin Estrato,NO,Sin Estrato - NO,203.02202643171807,227
2017-01-01,LA GUAJIRA,Sin Estrato,SI,Sin Estrato - SI,209.65829145728642,796
2017-01-01,MAGDALENA,Estrato 1,NO,Estrato 1 - NO,221.03517587939697,597
2017-01-01,MAGDALENA,Estrato 1,SI,Estrato 1 - SI,230.98328823810283,6283
2017-01-01,MAGDALENA,Estrato 2,NO,Estrato 2 - NO,217.87573964497042,169
2017-01-01,MAGDALENA,Estrato 2,SI,Estrato 2 - SI,236.58737244897958,3136
2017-01-01,MAGDALENA,Estrato 3,NO,Estrato 3 - NO,212.0,96
2017-01-01,MAGDALENA,Estrato 3,SI,Estrato 3 - SI,243.6443812233286,2109
2017-01-01,MAGDALENA,Sin Estrato,NO,Sin Estrato - NO,206.61290322580646,155
2017-01-01,MAGDALENA,Sin Estrato,SI,Sin Estrato - SI,210.63980463980465,819
2017-01-01,META,Estrato 1,NO,Estrato 1 - NO,239.35637149028076,463
2017-01-01,META,Estrato 1,SI,Estrato 1 - SI,251.3693946188341,3568
2017-01-01,META,Estrato 2,NO,Estrato 2 - NO,241.64655172413794,232
2017-01-01,META,Estrato 2,SI,Estrato 2 - SI,258.73915372254953,3734
2017-01-01,META,Estrato 3,NO,Estrato 3 - NO,256.2985074626866,67
2017-01-01,META,Estrato 3,SI,Estrato 3 - SI,270.7752902155887,2412
2017-01-01,META,Sin Estrato,NO,Sin Estrato - NO,228.3030303030303,66
2017-01-01,META,Sin Estrato,SI,Sin Estrato - SI,235.87555555555556,225
2017-01-01,NARIÑO,Estrato 1,NO,Estrato 1 - NO,246.63783783783785,1110
2017-01-01,NARIÑO,Estrato 1,SI,Estrato 1 - SI,257.4163295329165,8157
2017-01-01,NARIÑO,Estrato 2,NO,Estrato 2 - NO,243.15343915343917,189
2017-01-01,NARIÑO,Estrato 2,SI,Estrato 2 - SI,269.78383579217444,3118
2017-01-01,NARIÑO,Estrato 3,NO,Estrato 3 - NO,217.49056603773585,53
2017-01-01,NARIÑO,Estrato 3,SI,Estrato 3 - SI,271.5970515970516,1221
2017-01-01,NARIÑO,Sin Estrato,NO,Sin Estrato - NO,210.99122807017545,114
2017-01-01,NARIÑO,Sin Estrato,SI,Sin Estrato - SI,225.8870056497175,531
2017-01-01,NORTE SANTANDER,Estrato 1,NO,Estrato 1 - NO,247.13966480446928,716
2017-01-01,NORTE SANTANDER,Estrato 1,SI,Estrato 1 - SI,257.330421377184,5838
2017-01-01,NORTE SANTANDER,Estrato 2,NO,Estrato 2 - NO,247.5216049382716,324
2017-01-01,NORTE SANTANDER,Estrato 2,SI,Estrato 2 - SI,264.80021216407357,5656
2017-01-01,NORTE SANTANDER,Estrato 3,NO,Estrato 3 - NO,233.43103448275863,58
2017-01-01,NORTE SANTANDER,Estrato 3,SI,Estrato 3 - SI,275.25533290239173,1547
2017-01-01,NORTE SANTANDER,Sin Estrato,NO,Sin Estrato - NO,214.33333333333334,45
2017-01-01,NORTE SANTANDER,Sin Estrato,SI,Sin Estrato - SI,229.3202614379085,153
2017-01-01,PUTUMAYO,Estrato 1,NO,Estrato 1 - NO,243.63829787234042,470
2017-01-01,PUTUMAYO,Estrato 1,SI,Estrato 1 - SI,254.0783469651313,2323
2017-01-01,PUTUMAYO,Estrato 2,NO,Estrato 2 - NO,235.83333333333334,54
2017-01-01,PUTUMAYO,Estrato 2,SI,Estrato 2 - SI,257.5506692160612,523
2017-01-01,PUTUMAYO,Estrato 3,NO,Estrato 3 - NO,221.0909090909091,22
2017-01-01,PUTUMAYO,Estrato 3,SI,Estrato 3 - SI,236.25850340136054,147
2017-01-01,PUTUMAYO,Sin Estrato,NO,Sin Estrato - NO,220.80645161290323,155
2017-01-01,PUTUMAYO,Sin Estrato,SI,Sin Estrato - SI,227.00374531835206,267
2017-01-01,QUINDIO,Estrato 1,NO,Estrato 1 - NO,234.51869158878506,214
2017-01-01,QUINDIO,Estrato 1,SI,Estrato 1 - SI,246.7799671592775,1827
2017-01-01,QUINDIO,Estrato 2,NO,Estrato 2 - NO,237.7741935483871,155
2017-01-01,QUINDIO,Estrato 2,SI,Estrato 2 - SI,256.3634804972139,2333
2017-01-01,QUINDIO,Estrato 3,NO,Estrato 3 - NO,244.20454545454547,44
2017-01-01,QUINDIO,Estrato 3,SI,Estrato 3 - SI,272.52222222222224,1440
2017-01-01,QUINDIO,Sin Estrato,NO,Sin Estrato - NO,211.28571428571428,21
2017-01-01,QUINDIO,Sin Estrato,SI,Sin Estrato - SI,232.55913978494624,93
2017-01-01,RISARALDA,Estrato 1,NO,Estrato 1 - NO,239.74303405572755,323
2017-01-01,RISARALDA,Estrato 1,SI,Estrato 1 - SI,249.02532207907598,2251
2017-01-01,RISARALDA,Estrato 2,NO,Estrato 2 - NO,239.17948717948718,234
2017-01-01,RISARALDA,Estrato 2,SI,Estrato 2 - SI,260.3992426291588,3697
2017-01-01,RISARALDA,Estrato 3,NO,Estrato 3 - NO,242.24324324324326,37
2017-01-01,RISARALDA,Estrato 3,SI,Estrato 3 - SI,270.6955128205128,2184
2017-01-01,RISARALDA,Sin Estrato,NO,Sin Estrato - NO,213.2173913043478,23
2017-01-01,RISARALDA,Sin Estrato,SI,Sin Estrato - SI,235.8348623853211,109
2017-01-01,SAN ANDRES,Estrato 1,NO,Estrato 1 - NO,215.0,11
2017-01-01,SAN ANDRES,Estrato 1,SI,Estrato 1 - SI,245.50746268656715,134
2017-01-01,SAN ANDRES,Estrato 2,NO,Estrato 2 - NO,236.2,10
2017-01-01,SAN ANDRES,Estrato 2,SI,Estrato 2 - SI,255.0204081632653,245
2017-01-01,SAN ANDRES,Estrato 3,NO,Estrato 3 - NO,197.57142857142858,7
2017-01-01,SAN ANDRES,Estrato 3,SI,Estrato 3 - SI,263.7,140
2017-01-01,SAN ANDRES,Sin Estrato,NO,Sin Estrato - NO,204.0,1
2017-01-01,SAN ANDRES,Sin Estrato,SI,Sin Estrato - SI,225.28571428571428,7
2017-01-01,SANTANDER,Estrato 1,NO,Estrato 1 - NO,240.48811292719168,1346
2017-01-01,SANTANDER,Estrato 1,SI,Estrato 1 - SI,258.87666246675064,7143
2017-01-01,SANTANDER,Estrato 2,NO,Estrato 2 - NO,247.93264248704662,579
2017-01-01,SANTANDER,Estrato 2,SI,Estrato 2 - SI,269.4570257461253,7807
2017-01-01,SANTANDER,Estrato 3,NO,Estrato 3 - NO,245.37121212121212,132
2017-01-01,SANTANDER,Estrato 3,SI,Estrato 3 - SI,282.1508238276299,4734
2017-01-01,SANTANDER,Sin Estrato,NO,Sin Estrato - NO,222.7605633802817,71
2017-01-01,SANTANDER,Sin Estrato,SI,Sin Estrato - SI,241.521875,320
2017-01-01,SUCRE,Estrato 1,NO,Estrato 1 - NO,235.41925465838509,644
2017-01-01,SUCRE,Estrato 1,SI,Estrato 1 - SI,247.53053132434576,5044
2017-01-01,SUCRE,Estrato 2,NO,Estrato 2 - NO,239.87719298245614,171
2017-01-01,SUCRE,Estrato 2,SI,Estrato 2 - SI,261.955629970699,2389
2017-01-01,SUCRE,Estrato 3,NO,Estrato 3 - NO,217.33962264150944,53
2017-01-01,SUCRE,Estrato 3,SI,Estrato 3 - SI,251.72821846553967,769
2017-01-01,SUCRE,Sin Estrato,NO,Sin Estrato - NO,201.58024691358025,81
2017-01-01,SUCRE,Sin Estrato,SI,Sin Estrato - SI,213.52678571428572,336
2017-01-01,TOLIMA,Estrato 1,NO,Estrato 1 - NO,229.3031496062992,762
2017-01-01,TOLIMA,Estrato 1,SI,Estrato 1 - SI,240.70596678285833,4877
2017-01-01,TOLIMA,Estrato 2,NO,Estrato 2 - NO,241.27314814814815,432
2017-01-01,TOLIMA,Estrato 2,SI,Estrato 2 - SI,255.41748327889252,6429
2017-01-01,TOLIMA,Estrato 3,NO,Estrato 3 - NO,228.84285714285716,70
2017-01-01,TOLIMA,Estrato 3,SI,Estrato 3 - SI,268.60259856630825,2232
2017-01-01,TOLIMA,Sin Estrato,NO,Sin Estrato - NO,228.13114754098362,61
2017-01-01,TOLIMA,Sin Estrato,SI,Sin Estrato - SI,220.06637168141592,226
2017-01-01,VALLE,Estrato 1,NO,Estrato 1 - NO,234.60798362333674,977
2017-01-01,VALLE,Estrato 1,SI,Estrato 1 - SI,245.52212562274104,10237
2017-01-01,VALLE,Estrato 2,NO,Estrato 2 - NO,243.70897832817337,646
2017-01-01,VALLE,Estrato 2,SI,Estrato 2 - SI,257.3847265221878,14535
2017-01-01,VALLE,Estrato 3,NO,Estrato 3 - NO,238.53333333333333,180
2017-01-01,VALLE,Estrato 3,SI,Estrato 3 - SI,260.6594730941704,7136
2017-01-01,VALLE,Sin Estrato,NO,Sin Estrato - NO,212.17142857142858,105
2017-01-01,VALLE,Sin Estrato,SI,Sin Estrato - SI,220.4162348877375,579
2017-01-01,VAUPES,Estrato 1,NO,Estrato 1 - NO,231.1315789473684,38
2017-01-01,VAUPES,Estrato 1,SI,Estrato 1 - SI,240.05154639175257,97
2017-01-01,VAUPES,Estrato 2,NO,Estrato 2 - NO,209.72727272727272,11
2017-01-01,VAUPES,Estrato 2,SI,Estrato 2 - SI,243.57142857142858,14
2017-01-01,VAUPES,Estrato 3,NO,Estrato 3 - NO,221.2,5
2017-01-01,VAUPES,Estrato 3,SI,Estrato 3 - SI,222.91666666666666,12
2017-01-01,VAUPES,Sin Estrato,NO,Sin Estrato - NO,209.2077922077922,77
2017-01-01,VAUPES,Sin Estrato,SI,Sin Estrato - SI,208.55555555555554,45
2017-01-01,VICHADA,Estrato 1,NO,Estrato 1 - NO,238.77272727272728,44
2017-01-01,VICHADA,Estrato 1,SI,Estrato 1 - SI,243.25531914893617,188
2017-01-01,VICHADA,Estrato 2,NO,Estrato 2 - NO,246.71428571428572,14
2017-01-01,VICHADA,Estrato 2,SI,Estrato 2 - SI,251.1829268292683,82
2017-01-01,VICHADA,Estrato 3,NO,Estrato 3 - NO,211.66666666666666,3
2017-01-01,VICHADA,Estrato 3,SI,Estrato 3 - SI,233.0,26
2017-01-01,VICHADA,Sin Estrato,NO,Sin Estrato - NO,221.11764705882354,17
2017-01-01,VICHADA,Sin Estrato,SI,Sin Estrato - SI,217.13888888888889,36
2018-01-01,-,Estrato 2,NO,Estrato 2 - NO,276.0,1
2018-01-01,-,Estrato 2,SI,Estrato 2 - SI,277.0,3
2018-01-01,AMAZONAS,Estrato 1,NO,Estrato 1 - NO,205.16883116883116,77
2018-01-01,AMAZONAS,Estrato 1,SI,Estrato 1 - SI,214.8122270742358,229
2018-01-01,AMAZONAS,Estrato 2,NO,Estrato 2 - NO,209.38235294117646,34
2018-01-01,AMAZONAS,Estrato 2,SI,Estrato 2 - SI,233.8988764044944,178
2018-01-01,AMAZONAS,Estrato 3,NO,Estrato 3 - NO,227.44444444444446,9
2018-01-01,AMAZONAS,Estrato 3,SI,Estrato 3 - SI,243.84,100
2018-01-01,AMAZONAS,Sin Estrato,NO,Sin Estrato - NO,204.18032786885246,61
2018-01-01,AMAZONAS,Sin Estrato,SI,Sin Estrato - SI,207.25471698113208,106
2018-01-01,ANTIOQUIA,Estrato 1,NO,Estrato 1 - NO,214.1277750370005,2027
2018-01-01,ANTIOQUIA,Estrato 1,SI,Estrato 1 - SI,231.3752287980476,14751
2018-01-01,ANTIOQUIA,Estrato 2,NO,Estrato 2 - NO,222.4383275261324,1435
2018-01-01,ANTIOQUIA,Estrato 2,SI,Estrato 2 - SI,247.2422397594889,26610
2018-01-01,ANTIOQUIA,Estrato 3,NO,Estrato 3 - NO,224.74772727272727,440
2018-01-01,ANTIOQUIA,Estrato 3,SI,Estrato 3 - SI,263.35323411894143,17269
2018-01-01,ANTIOQUIA,Sin Estrato,NO,Sin Estrato - NO,202.41552511415526,219
2018-01-01,ANTIOQUIA,Sin Estrato,SI,Sin Estrato - SI,215.91022443890273,802
2018-01-01,ARAUCA,Estrato 1,NO,Estrato 1 - NO,235.29666666666665,300
2018-01-01,ARAUCA,Estrato 1,SI,Estrato 1 - SI,250.36572890025576,1564
2018-01-01,ARAUCA,Estrato 2,NO,Estrato 2 - NO,235.15384615384616,52
2018-01-01,ARAUCA,Estrato 2,SI,Estrato 2 - SI,257.90748898678413,681
2018-01-01,ARAUCA,Estrato 3,NO,Estrato 3 - NO,220.28571428571428,14
2018-01-01,ARAUCA,Estrato 3,SI,Estrato 3 - SI,246.27935222672065,247
2018-01-01,ARAUCA,Sin Estrato,NO,Sin Estrato - NO,209.31666666666666,60
2018-01-01,ARAUCA,Sin Estrato,SI,Sin Estrato - SI,226.4508670520231,173
2018-01-01,ATLANTICO,Estrato 1,NO,Estrato 1 - NO,228.59509202453987,652
2018-01-01,ATLANTICO,Estrato 1,SI,Estrato 1 - SI,241.16055491738092,11317
2018-01-01,ATLANTICO,Estrato 2,NO,Estrato 2 - NO,229.15241635687732,269
2018-01-01,ATLANTICO,Estrato 2,SI,Estrato 2 - SI,252.75288658681342,9267
2018-01-01,ATLANTICO,Estrato 3,NO,Estrato 3 - NO,230.42608695652174,115
2018-01-01,ATLANTICO,Estrato 3,SI,Estrato 3 - SI,259.59476461038963,4928
2018-01-01,ATLANTICO,Sin Estrato,NO,Sin Estrato - NO,205.1076923076923,65
2018-01-01,ATLANTICO,Sin Estrato,SI,Sin Estrato - SI,214.4110929853181,613
2018-01-01,BOGOTA,Estrato 1,NO,Estrato 1 - NO,232.52652259332024,509
2018-01-01,BOGOTA,Estrato 1,SI,Estrato 1 - SI,248.9278022515908,8172
2018-01-01,BOGOTA,Estrato 2,NO,Estrato 2 - NO,246.3170731707317,943
2018-01-01,BOGOTA,Estrato 2,SI,Estrato 2 - SI,263.2138059701493,37520
2018-01-01,BOGOTA,Estrato 3,NO,Estrato 3 - NO,245.17801047120417,382
2018-01-01,BOGOTA,Estrato 3,SI,Estrato 3 - SI,279.5788341859177,30691
2018-01-01,BOGOTA,Sin Estrato,NO,Sin Estrato - NO,226.59574468085106,47
2018-01-01,BOGOTA,Sin Estrato,SI,Sin Estrato - SI,248.13483146067415,445
2018-01-01,BOLIVAR,Estrato 1,NO,Estrato 1 - NO,217.3760479041916,835
2018-01-01,BOLIVAR,Estrato 1,SI,Estrato 1 - SI,231.0203947368421,9120
2018-01-01,BOLIVAR,Estrato 2,NO,Estrato 2 - NO,221.8294573643411,258
2018-01-01,BOLIVAR,Estrato 2,SI,Estrato 2 - SI,245.0458490257082,6107
2018-01-01,BOLIVAR,Estrato 3,NO,Estrato 3 - NO,210.50877192982455,114
2018-01-01,BOLIVAR,Estrato 3,SI,Estrato 3 - SI,247.36102719033232,3310
2018-01-01,BOLIVAR,Sin Estrato,NO,Sin Estrato - NO,197.42857142857142,245
2018-01-01,BOLIVAR,Sin Estrato,SI,Sin Estrato - SI,205.7450357426529,1259
2018-01-01,BOYACA,Estrato 1,NO,Estrato 1 - NO,246.7339593114241,639
2018-01-01,BOYACA,Estrato 1,SI,Estrato 1 - SI,254.11820715281004,4306
2018-01-01,BOYACA,Estrato 2,NO,Estrato 2 - NO,256.7074829931973,441
2018-01-01,BOYACA,Estrato 2,SI,Estrato 2 - SI,270.51362088535757,7048
2018-01-01,BOYACA,Estrato 3,NO,Estrato 3 - NO,253.65,60
2018-01-01,BOYACA,Estrato 3,SI,Estrato 3 - SI,283.35132703553757,2223
2018-01-01,BOYACA,Sin Estrato,NO,Sin Estrato - NO,224.04,25
2018-01-01,BOYACA,Sin Estrato,SI,Sin Estrato - SI,236.53191489361703,141
2018-01-01,CALDAS,Estrato 1,NO,Estrato 1 - NO,225.63009404388714,319
2018-01-01,CALDAS,Estrato 1,SI,Estrato 1 - SI,239.2043512043512,2574
2018-01-01,CALDAS,Estrato 2,NO,Estrato 2 - NO,232.62173913043478,230
2018-01-01,CALDAS,Estrato 2,SI,Estrato 2 - SI,250.84513870185833,3713
2018-01-01,CALDAS,Estrato 3,NO,Estrato 3 - NO,224.0888888888889,45
2018-01-01,CALDAS,Estrato 3,SI,Estrato 3 - SI,268.94911599827515,2319
2018-01-01,CALDAS,Sin Estrato,NO,Sin Estrato - NO,204.46875,32
2018-01-01,CALDAS,Sin Estrato,SI,Sin Estrato - SI,221.94354838709677,124
2018-01-01,CAQUETA,Estrato 1,NO,Estrato 1 - NO,224.47133757961782,314
2018-01-01,CAQUETA,Estrato 1,SI,Estrato 1 - SI,243.4958877600387,2067
2018-01-01,CAQUETA,Estrato 2,NO,Estrato 2 - NO,223.7945205479452,73
2018-01-01,CAQUETA,Estrato 2,SI,Estrato 2 - SI,248.68211920529802,906
2018-01-01,CAQUETA,Estrato 3,NO,Estrato 3 - NO,202.52941176470588,17
2018-01-01,CAQUETA,Estrato 3,SI,Estrato 3 - SI,243.97435897435898,273
2018-01-01,CAQUETA,Sin Estrato,NO,Sin Estrato - NO,201.78571428571428,70
2018-01-01,CAQUETA,Sin Estrato,SI,Sin Estrato - SI,211.78021978021977,182
2018-01-01,CASANARE,Estrato 1,NO,Estrato 1 - NO,236.65151515151516,330
2018-01-01,CASANARE,Estrato 1,SI,Estrato 1 - SI,247.96301188903567,2271
2018-01-01,CASANARE,Estrato 2,NO,Estrato 2 - NO,243.1219512195122,123
2018-01-01,CASANARE,Estrato 2,SI,Estrato 2 - SI,257.6523244312562,2022
2018-01-01,CASANARE,Estrato 3,NO,Estrato 3 - NO,227.125,24
2018-01-01,CASANARE,Estrato 3,SI,Estrato 3 - SI,265.05859375,512
2018-01-01,CASANARE,Sin Estrato,NO,Sin Estrato - NO,208.0,31
2018-01-01,CASANARE,Sin Estrato,SI,Sin Estrato - SI,227.14678899082568,109
2018-01-01,CAUCA,Estrato 1,NO,Estrato 1 - NO,224.59059059059058,999
2018-01-01,CAUCA,Estrato 1,SI,Estrato 1 - SI,235.28967775288643,5803
2018-01-01,CAUCA,Estrato 2,NO,Estrato 2 - NO,228.93564356435644,202
2018-01-01,CAUCA,Estrato 2,SI,Estrato 2 - SI,247.80432676783985,3097
2018-01-01,CAUCA,Estrato 3,NO,Estrato 3 - NO,218.56716417910448,67
2018-01-01,CAUCA,Estrato 3,SI,Estrato 3 - SI,251.62083628632175,1411
2018-01-01,CAUCA,Sin Estrato,NO,Sin Estrato - NO,206.6813725490196,204
2018-01-01,CAUCA,Sin Estrato,SI,Sin Estrato - SI,211.69139072847682,755
2018-01-01,CESAR,Estrato 1,NO,Estrato 1 - NO,230.11335403726707,644
2018-01-01,CESAR,Estrato 1,SI,Estrato 1 - SI,239.46622185154294,5995
2018-01-01,CESAR,Estrato 2,NO,Estrato 2 - NO,233.37908496732027,153
2018-01-01,CESAR,Estrato 2,SI,Estrato 2 - SI,249.42253968253968,3150
2018-01-01,CESAR,Estrato 3,NO,Estrato 3 - NO,224.71428571428572,56
2018-01-01,CESAR,Estrato 3,SI,Estrato 3 - SI,256.26157595450854,1231
2018-01-01,CESAR,Sin Estrato,NO,Sin Estrato - NO,210.42105263157896,114
2018-01-01,CESAR,Sin Estrato,SI,Sin Estrato - SI,215.1576086956522,368
2018-01-01,CHOCO,Estrato 1,NO,Estrato 1 - NO,207.13333333333333,180
2018-01-01,CHOCO,Estrato 1,SI,Estrato 1 - SI,219.83669250645994,1935
2018-01-01,CHOCO,Estrato 2,NO,Estrato 2 - NO,207.25,76
2018-01-01,CHOCO,Estrato 2,SI,Estrato 2 - SI,217.38187702265373,618
2018-01-01,CHOCO,Estrato 3,NO,Estrato 3 - NO,183.56756756756758,37
2018-01-01,CHOCO,Estrato 3,SI,Estrato 3 - SI,205.42776203966005,353
2018-01-01,CHOCO,Sin Estrato,NO,Sin Estrato - NO,185.4144144144144,111
2018-01-01,CHOCO,Sin Estrato,SI,Sin Estrato - SI,191.2,385
2018-01-01,CORDOBA,Estrato 1,NO,Estrato 1 - NO,234.07993049522153,1151
2018-01-01,CORDOBA,Estrato 1,SI,Estrato 1 - SI,243.7574850299401,10020
2018-01-01,CORDOBA,Estrato 2,NO,Estrato 2 - NO,229.53703703703704,216
2018-01-01,CORDOBA,Estrato 2,SI,Estrato 2 - SI,251.76946487446108,3943
2018-01-01,CORDOBA,Estrato 3,NO,Estrato 3 - NO,216.82857142857142,70
2018-01-01,CORDOBA,Estrato 3,SI,Estrato 3 - SI,244.2514880952381,1344
2018-01-01,CORDOBA,Sin Estrato,NO,Sin Estrato - NO,204.07766990291262,206
2018-01-01,CORDOBA,Sin Estrato,SI,Sin Estrato - SI,214.51246537396122,722
2018-01-01,CUNDINAMARCA,Estrato 1,NO,Estrato 1 - NO,229.984375,832
2018-01-01,CUNDINAMARCA,Estrato 1,SI,Estrato 1 - SI,244.63167910993997,6831
2018-01-01,CUNDINAMARCA,Estrato 2,NO,Estrato 2 - NO,240.59343434343435,792
2018-01-01,CUNDINAMARCA,Estrato 2,SI,Estrato 2 - SI,260.30128670405804,15155
2018-01-01,CUNDINAMARCA,Estrato 3,NO,Estrato 3 - NO,241.6595744680851,188
2018-01-01,CUNDINAMARCA,Estrato 3,SI,Estrato 3 - SI,268.96673831881435,8839
2018-01-01,CUNDINAMARCA,Sin Estrato,NO,Sin Estrato - NO,217.57407407407408,54
2018-01-01,CUNDINAMARCA,Sin Estrato,SI,Sin Estrato - SI,245.19387755102042,392
2018-01-01,EXTRANJERO,Estrato 1,SI,Estrato 1 - SI,183.0,1
2018-01-01,GUAINIA,Estrato 1,NO,Estrato 1 - NO,226.88,25
2018-01-01,GUAINIA,Estrato 1,SI,Estrato 1 - SI,248.94230769230768,104
2018-01-01,GUAINIA,Estrato 2,NO,Estrato 2 - NO,214.66666666666666,9
2018-01-01,GUAINIA,Estrato 2,SI,Estrato 2 - SI,247.28301886792454,53
2018-01-01,GUAINIA,Estrato 3,SI,Estrato 3 - SI,249.0,10
2018-01-01,GUAINIA,Sin Estrato,NO,Sin Estrato - NO,202.25806451612902,31
2018-01-01,GUAINIA,Sin Estrato,SI,Sin Estrato - SI,208.2,30
2018-01-01,GUAVIARE,Estrato 1,NO,Estrato 1 - NO,228.71621621621622,74
2018-01-01,GUAVIARE,Estrato 1,SI,Estrato 1 - SI,233.38636363636363,396
2018-01-01,GUAVIARE,Estrato 2,NO,Estrato 2 - NO,225.1578947368421,19
2018-01-01,GUAVIARE,Estrato 2,SI,Estrato 2 - SI,240.06808510638297,235
2018-01-01,GUAVIARE,Estrato 3,NO,Estrato 3 - NO,191.6,5
2018-01-01,GUAVIARE,Estrato 3,SI,Estrato 3 - SI,240.85897435897436,78
2018-01-01,GUAVIARE,Sin Estrato,NO,Sin Estrato - NO,214.2962962962963,27
2018-01-01,GUAVIARE,Sin Estrato,SI,Sin Estrato - SI,211.05172413793105,58
2018-01-01,HUILA,Estrato 1,NO,Estrato 1 - NO,239.3560975609756,820
2018-01-01,HUILA,Estrato 1,SI,Estrato 1 - SI,248.36317977138899,5774
2018-01-01,HUILA,Estrato 2,NO,Estrato 2 - NO,242.0,312
2018-01-01,HUILA,Estrato 2,SI,Estrato 2 - SI,261.0800847457627,4720
2018-01-01,HUILA,Estrato 3,NO,Estrato 3 - NO,223.74193548387098,31
2018-01-01,HUILA,Estrato 3,SI,Estrato 3 - SI,273.80379746835445,948
2018-01-01,HUILA,Sin Estrato,NO,Sin Estrato - NO,215.0888888888889,45
2018-01-01,HUILA,Sin Estrato,SI,Sin Estrato - SI,232.4572864321608,199
2018-01-01,LA GUAJIRA,Estrato 1,NO,Estrato 1 - NO,215.9968152866242,314
2018-01-01,LA GUAJIRA,Estrato 1,SI,Estrato 1 - SI,230.6475343573161,2474
2018-01-01,LA GUAJIRA,Estrato 2,NO,Estrato 2 - NO,221.71028037383178,107
2018-01-01,LA GUAJIRA,Estrato 2,SI,Estrato 2 - SI,240.49102103642895,1949
2018-01-01,LA GUAJIRA,Estrato 3,NO,Estrato 3 - NO,199.03773584905662,53
2018-01-01,LA GUAJIRA,Estrato 3,SI,Estrato 3 - SI,233.83426651735724,893
2018-01-01,LA GUAJIRA,Sin Estrato,NO,Sin Estrato - NO,197.66666666666666,351
2018-01-01,LA GUAJIRA,Sin Estrato,SI,Sin Estrato - SI,204.3198757763975,966
2018-01-01,MAGDALENA,Estrato 1,NO,Estrato 1 - NO,216.6013179571664,607
2018-01-01,MAGDALENA,Estrato 1,SI,Estrato 1 - SI,226.10565801813067,6398
2018-01-01,MAGDALENA,Estrato 2,NO,Estrato 2 - NO,218.89839572192514,187
2018-01-01,MAGDALENA,Estrato 2,SI,Estrato 2 - SI,230.4035683942226,3531
2018-01-01,MAGDALENA,Estrato 3,NO,Estrato 3 - NO,219.8910891089109,101
2018-01-01,MAGDALENA,Estrato 3,SI,Estrato 3 - SI,239.33574776310184,2347
2018-01-01,MAGDALENA,Sin Estrato,NO,Sin Estrato - NO,198.0233918128655,171
2018-01-01,MAGDALENA,Sin Estrato,SI,Sin Estrato - SI,204.03477344573236,949
2018-01-01,META,Estrato 1,NO,Estrato 1 - NO,239.28571428571428,350
2018-01-01,META,Estrato 1,SI,Estrato 1 - SI,246.00287191269385,3482
2018-01-01,META,Estrato 2,NO,Estrato 2 - NO,244.06315789473683,190
2018-01-01,META,Estrato 2,SI,Estrato 2 - SI,253.76109300576584,3989
2018-01-01,META,Estrato 3,NO,Estrato 3 - NO,238.953125,64
2018-01-01,META,Estrato 3,SI,Estrato 3 - SI,267.02626005929693,2361
2018-01-01,META,Sin Estrato,NO,Sin Estrato - NO,219.52307692307693,65
2018-01-01,META,Sin Estrato,SI,Sin Estrato - SI,229.8106796116505,206
2018-01-01,NARIÑO,Estrato 1,NO,Estrato 1 - NO,237.515503875969,1032
2018-01-01,NARIÑO,Estrato 1,SI,Estrato 1 - SI,251.29215846675237,8557
2018-01-01,NARIÑO,Estrato 2,NO,Estrato 2 - NO,239.96808510638297,188
2018-01-01,NARIÑO,Estrato 2,SI,Estrato 2 - SI,265.372258615779,3511
2018-01-01,NARIÑO,Estrato 3,NO,Estrato 3 - NO,205.63636363636363,55
2018-01-01,NARIÑO,Estrato 3,SI,Estrato 3 - SI,271.95516304347825,1472
2018-01-01,NARIÑO,Sin Estrato,NO,Sin Estrato - NO,204.7310924369748,119
2018-01-01,NARIÑO,Sin Estrato,SI,Sin Estrato - SI,220.48479427549194,559
2018-01-01,NORTE SANTANDER,Estrato 1,NO,Estrato 1 - NO,243.01895734597156,633
2018-01-01,NORTE SANTANDER,Estrato 1,SI,Estrato 1 - SI,257.1153085087246,5559
2018-01-01,NORTE SANTANDER,Estrato 2,NO,Estrato 2 - NO,250.34713375796179,314
2018-01-01,NORTE SANTANDER,Estrato 2,SI,Estrato 2 - SI,264.985632183908,5568
2018-01-01,NORTE SANTANDER,Estrato 3,NO,Estrato 3 - NO,236.69230769230768,39
2018-01-01,NORTE SANTANDER,Estrato 3,SI,Estrato 3 - SI,273.61484771573606,1576
2018-01-01,NORTE SANTANDER,Sin Estrato,NO,Sin Estrato - NO,215.76,50
2018-01-01,NORTE SANTANDER,Sin Estrato,SI,Sin Estrato - SI,223.44303797468353,158
2018-01-01,PUTUMAYO,Estrato 1,NO,Estrato 1 - NO,236.6937799043062,418
2018-01-01,PUTUMAYO,Estrato 1,SI,Estrato 1 - SI,247.25394736842105,2280
2018-01-01,PUTUMAYO,Estrato 2,NO,Estrato 2 - NO,220.59375,64
2018-01-01,PUTUMAYO,Estrato 2,SI,Estrato 2 - SI,246.36456558773423,587
2018-01-01,PUTUMAYO,Estrato 3,NO,Estrato 3 - NO,203.42105263157896,19
2018-01-01,PUTUMAYO,Estrato 3,SI,Estrato 3 - SI,238.9306358381503,173
2018-01-01,PUTUMAYO,Sin Estrato,NO,Sin Estrato - NO,219.94594594594594,148
2018-01-01,PUTUMAYO,Sin Estrato,SI,Sin Estrato - SI,225.4856230031949,313
2018-01-01,QUINDIO,Estrato 1,NO,Estrato 1 - NO,231.1909090909091,220
2018-01-01,QUINDIO,Estrato 1,SI,Estrato 1 - SI,243.83398328690808,1795
2018-01-01,QUINDIO,Estrato 2,NO,Estrato 2 - NO,234.64957264957266,117
2018-01-01,QUINDIO,Estrato 2,SI,Estrato 2 - SI,255.6554694229113,2322
2018-01-01,QUINDIO,Estrato 3,NO,Estrato 3 - NO,243.63636363636363,33
2018-01-01,QUINDIO,Estrato 3,SI,Estrato 3 - SI,271.12046204620464,1212
2018-01-01,QUINDIO,Sin Estrato,NO,Sin Estrato - NO,231.75,12
2018-01-01,QUINDIO,Sin Estrato,SI,Sin Estrato - SI,241.41772151898735,79
2018-01-01,RISARALDA,Estrato 1,NO,Estrato 1 - NO,229.18726591760299,267
2018-01-01,RISARALDA,Estrato 1,SI,Estrato 1 - SI,245.28039383561645,2336
2018-01-01,RISARALDA,Estrato 2,NO,Estrato 2 - NO,225.74752475247524,202
2018-01-01,RISARALDA,Estrato 2,SI,Estrato 2 - SI,254.94632313472894,3726
2018-01-01,RISARALDA,Estrato 3,NO,Estrato 3 - NO,229.66666666666666,54
2018-01-01,RISARALDA,Estrato 3,SI,Estrato 3 - SI,265.09673313534154,2357
2018-01-01,RISARALDA,Sin Estrato,NO,Sin Estrato - NO,202.6,25
2018-01-01,RISARALDA,Sin Estrato,SI,Sin Estrato - SI,236.808,125
2018-01-01,SAN ANDRES,Estrato 1,NO,Estrato 1 - NO,196.0,5
2018-01-01,SAN ANDRES,Estrato 1,SI,Estrato 1 - SI,231.27272727272728,121
2018-01-01,SAN ANDRES,Estrato 2,NO,Estrato 2 - NO,209.77272727272728,22
2018-01-01,SAN ANDRES,Estrato 2,SI,Estrato 2 - SI,244.56060606060606,264
2018-01-01,SAN ANDRES,Estrato 3,NO,Estrato 3 - NO,205.5,4
2018-01-01,SAN ANDRES,Estrato 3,SI,Estrato 3 - SI,249.06716417910448,134
2018-01-01,SAN ANDRES,Sin Estrato,SI,Sin Estrato - SI,219.92307692307693,13
2018-01-01,SANTANDER,Estrato 1,NO,Estrato 1 - NO,245.0086956521739,920
2018-01-01,SANTANDER,Estrato 1,SI,Estrato 1 - SI,254.94682651622003,7090
2018-01-01,SANTANDER,Estrato 2,NO,Estrato 2 - NO,248.21428571428572,406
2018-01-01,SANTANDER,Estrato 2,SI,Estrato 2 - SI,266.38654303971936,7981
2018-01-01,SANTANDER,Estrato 3,NO,Estrato 3 - NO,239.04716981132074,106
2018-01-01,SANTANDER,Estrato 3,SI,Estrato 3 - SI,278.40365278062797,4873
2018-01-01,SANTANDER,Sin Estrato,NO,Sin Estrato - NO,211.5,56
2018-01-01,SANTANDER,Sin Estrato,SI,Sin Estrato - SI,239.50526315789475,285
2018-01-01,SUCRE,Estrato 1,NO,Estrato 1 - NO,228.6643109540636,566
2018-01-01,SUCRE,Estrato 1,SI,Estrato 1 - SI,242.00742727460286,4847
2018-01-01,SUCRE,Estrato 2,NO,Estrato 2 - NO,231.9578313253012,166
2018-01-01,SUCRE,Estrato 2,SI,Estrato 2 - SI,253.13053613053614,2574
2018-01-01,SUCRE,Estrato 3,NO,Estrato 3 - NO,220.825,40
2018-01-01,SUCRE,Estrato 3,SI,Estrato 3 - SI,243.534693877551,735
2018-01-01,SUCRE,Sin Estrato,NO,Sin Estrato - NO,203.32183908045977,87
2018-01-01,SUCRE,Sin Estrato,SI,Sin Estrato - SI,208.64506172839506,324
2018-01-01,TOLIMA,Estrato 1,NO,Estrato 1 - NO,226.29253731343283,670
2018-01-01,TOLIMA,Estrato 1,SI,Estrato 1 - SI,236.21094736842105,4750
2018-01-01,TOLIMA,Estrato 2,NO,Estrato 2 - NO,231.59305210918114,403
2018-01-01,TOLIMA,Estrato 2,SI,Estrato 2 - SI,249.66799387442572,6530
2018-01-01,TOLIMA,Estrato 3,NO,Estrato 3 - NO,218.45833333333334,72
2018-01-01,TOLIMA,Estrato 3,SI,Estrato 3 - SI,265.93988591487494,2279
2018-01-01,TOLIMA,Sin Estrato,NO,Sin Estrato - NO,205.4264705882353,68
2018-01-01,TOLIMA,Sin Estrato,SI,Sin Estrato - SI,216.40975609756097,205
2018-01-01,VALLE,Estrato 1,NO,Estrato 1 - NO,229.2398190045249,884
2018-01-01,VALLE,Estrato 1,SI,Estrato 1 - SI,241.59467427484546,10515
2018-01-01,VALLE,Estrato 2,NO,Estrato 2 - NO,235.18861788617886,615
2018-01-01,VALLE,Estrato 2,SI,Estrato 2 - SI,254.51348152045244,15206
2018-01-01,VALLE,Estrato 3,NO,Estrato 3 - NO,230.04591836734693,196
2018-01-01,VALLE,Estrato 3,SI,Estrato 3 - SI,264.78057478498005,9534
2018-01-01,VALLE,Sin Estrato,NO,Sin Estrato - NO,200.94059405940595,101
2018-01-01,VALLE,Sin Estrato,SI,Sin Estrato - SI,222.58169934640523,612
2018-01-01,VAUPES,Estrato 1,NO,Estrato 1 - NO,223.9795918367347,49
2018-01-01,VAUPES,Estrato 1,SI,Estrato 1 - SI,227.44791666666666,96
2018-01-01,VAUPES,Estrato 2,NO,Estrato 2 - NO,200.0,13
2018-01-01,VAUPES,Estrato 2,SI,Estrato 2 - SI,226.4,30
2018-01-01,VAUPES,Estrato 3,NO,Estrato 3 - NO,174.0,1
2018-01-01,VAUPES,Estrato 3,SI,Estrato 3 - SI,183.6,15
2018-01-01,VAUPES,Sin Estrato,NO,Sin Estrato - NO,201.56944444444446,72
2018-01-01,VAUPES,Sin Estrato,SI,Sin Estrato - SI,198.4418604651163,43
2018-01-01,VICHADA,Estrato 1,NO,Estrato 1 - NO,233.42,50
2018-01-01,VICHADA,Estrato 1,SI,Estrato 1 - SI,238.11049723756906,181
2018-01-01,VICHADA,Estrato 2,NO,Estrato 2 - NO,228.33333333333334,12
2018-01-01,VICHADA,Estrato 2,SI,Estrato 2 - SI,240.85576923076923,104
2018-01-01,VICHADA,Estrato 3,NO,Estrato 3 - NO,205.0,3
2018-01-01,VICHADA,Estrato 3,SI,Estrato 3 - SI,228.71428571428572,21
2018-01-01,VICHADA,Sin Estrato,NO,Sin Estrato - NO,204.5483870967742,31
2018-01-01,VICHADA,Sin Estrato,SI,Sin Estrato - SI,204.53846153846155,65
2019-01-01,AMAZONAS,Estrato 1,NO,Estrato 1 - NO,197.6346153846154,52
2019-01-01,AMAZONAS,Estrato 1,SI,Estrato 1 - SI,214.79716981132074,212
2019-01-01,AMAZONAS,Estrato 2,NO,Estrato 2 - NO,199.45454545454547,11
2019-01-01,AMAZONAS,Estrato 2,SI,Estrato 2 - SI,223.18562874251498,167
2019-01-01,AMAZONAS,Estrato 3,NO,Estrato 3 - NO,224.1818181818182,11
2019-01-01,AMAZONAS,Estrato 3,SI,Estrato 3 - SI,244.53608247422682,97
2019-01-01,AMAZONAS,Sin Estrato,NO,Sin Estrato - NO,190.95348837209303,43
2019-01-01,AMAZONAS,Sin Estrato,SI,Sin Estrato - SI,202.11111111111111,72
2019-01-01,ANTIOQUIA,Estrato 1,NO,Estrato 1 - NO,207.0,1755
2019-01-01,ANTIOQUIA,Estrato 1,SI,Estrato 1 - SI,225.54771528396245,14597
2019-01-01,ANTIOQUIA,Estrato 2,NO,Estrato 2 - NO,214.13187702265373,1236
2019-01-01,ANTIOQUIA,Estrato 2,SI,Estrato 2 - SI,241.61782178217823,26765
2019-01-01,ANTIOQUIA,Estrato 3,NO,Estrato 3 - NO,217.17040358744396,446
2019-01-01,ANTIOQUIA,Estrato 3,SI,Estrato 3 - SI,258.4996992727869,18289
2019-01-01,ANTIOQUIA,Sin Estrato,NO,Sin Estrato - NO,188.66375545851528,229
2019-01-01,ANTIOQUIA,Sin Estrato,SI,Sin Estrato - SI,209.64464464464464,999
2019-01-01,ARAUCA,Estrato 1,NO,Estrato 1 - NO,234.67241379310346,232
2019-01-01,ARAUCA,Estrato 1,SI,Estrato 1 - SI,243.91746905089408,1454
2019-01-01,ARAUCA,Estrato 2,NO,Estrato 2 - NO,229.86363636363637,66
2019-01-01,ARAUCA,Estrato 2,SI,Estrato 2 - SI,249.64729194187584,757
2019-01-01,ARAUCA,Estrato 3,NO,Estrato 3 - NO,219.0,15
2019-01-01,ARAUCA,Estrato 3,SI,Estrato 3 - SI,244.53237410071944,278
2019-01-01,ARAUCA,Sin Estrato,NO,Sin Estrato - NO,225.95744680851064,47
2019-01-01,ARAUCA,Sin Estrato,SI,Sin Estrato - SI,222.71354166666666,192
2019-01-01,ATLANTICO,Estrato 1,NO,Estrato 1 - NO,222.4064914992272,647
2019-01-01,ATLANTICO,Estrato 1,SI,Estrato 1 - SI,237.6790446146913,11095
2019-01-01,ATLANTICO,Estrato 2,NO,Estrato 2 - NO,226.26490066225165,302
2019-01-01,ATLANTICO,Estrato 2,SI,Estrato 2 - SI,247.7489247311828,9300
2019-01-01,ATLANTICO,Estrato 3,NO,Estrato 3 - NO,210.13274336283186,113
2019-01-01,ATLANTICO,Estrato 3,SI,Estrato 3 - SI,254.71513573819263,5378
2019-01-01,ATLANTICO,Sin Estrato,NO,Sin Estrato - NO,197.61764705882354,102
2019-01-01,ATLANTICO,Sin Estrato,SI,Sin Estrato - SI,205.06826801517067,791
2019-01-01,BOGOTA,Estrato 1,NO,Estrato 1 - NO,224.62350119904076,417
2019-01-01,BOGOTA,Estrato 1,SI,Estrato 1 - SI,244.00601997537282,7309
2019-01-01,BOGOTA,Estrato 2,NO,Estrato 2 - NO,237.86405529953916,868
2019-01-01,BOGOTA,Estrato 2,SI,Estrato 2 - SI,258.80279192173464,34958
2019-01-01,BOGOTA,Estrato 3,NO,Estrato 3 - NO,241.78306878306879,378
2019-01-01,BOGOTA,Estrato 3,SI,Estrato 3 - SI,275.74331514324695,29320
2019-01-01,BOGOTA,Sin Estrato,NO,Sin Estrato - NO,215.0,57
2019-01-01,BOGOTA,Sin Estrato,SI,Sin Estrato - SI,232.5119825708061,459
2019-01-01,BOLIVAR,Estrato 1,NO,Estrato 1 - NO,213.5670241286863,746
2019-01-01,BOLIVAR,Estrato 1,SI,Estrato 1 - SI,226.7762868710237,8645
2019-01-01,BOLIVAR,Estrato 2,NO,Estrato 2 - NO,218.16,275
2019-01-01,BOLIVAR,Estrato 2,SI,Estrato 2 - SI,237.29556890115242,6161
2019-01-01,BOLIVAR,Estrato 3,NO,Estrato 3 - NO,207.37719298245614,114
2019-01-01,BOLIVAR,Estrato 3,SI,Estrato 3 - SI,241.93178433124814,3357
2019-01-01,BOLIVAR,Sin Estrato,NO,Sin Estrato - NO,194.00416666666666,240
2019-01-01,BOLIVAR,Sin Estrato,SI,Sin Estrato - SI,199.60951714485654,1429
2019-01-01,BOYACA,Estrato 1,NO,Estrato 1 - NO,238.3858407079646,565
2019-01-01,BOYACA,Estrato 1,SI,Estrato 1 - SI,249.32597917699553,4034
2019-01-01,BOYACA,Estrato 2,NO,Estrato 2 - NO,249.86552567237163,409
2019-01-01,BOYACA,Estrato 2,SI,Estrato 2 - SI,264.8108442004118,7285
2019-01-01,BOYACA,Estrato 3,NO,Estrato 3 - NO,250.23728813559322,59
2019-01-01,BOYACA,Estrato 3,SI,Estrato 3 - SI,277.0307633877706,2633
2019-01-01,BOYACA,Sin Estrato,NO,Sin Estrato - NO,210.73529411764707,34
2019-01-01,BOYACA,Sin Estrato,SI,Sin Estrato - SI,229.125786163522,159
2019-01-01,CALDAS,Estrato 1,NO,Estrato 1 - NO,226.65273311897107,311
2019-01-01,CALDAS,Estrato 1,SI,Estrato 1 - SI,234.68780487804878,2460
2019-01-01,CALDAS,Estrato 2,NO,Estrato 2 - NO,221.8468899521531,209
2019-01-01,CALDAS,Estrato 2,SI,Estrato 2 - SI,244.95871559633028,3706
2019-01-01,CALDAS,Estrato 3,NO,Estrato 3 - NO,214.31578947368422,57
2019-01-01,CALDAS,Estrato 3,SI,Estrato 3 - SI,264.63754724905505,2381
2019-01-01,CALDAS,Sin Estrato,NO,Sin Estrato - NO,221.52,25
2019-01-01,CALDAS,Sin Estrato,SI,Sin Estrato - SI,220.90322580645162,155
2019-01-01,CAQUETA,Estrato 1,NO,Estrato 1 - NO,223.0096153846154,312
2019-01-01,CAQUETA,Estrato 1,SI,Estrato 1 - SI,235.7432578209277,1854
2019-01-01,CAQUETA,Estrato 2,NO,Estrato 2 - NO,218.97222222222223,72
2019-01-01,CAQUETA,Estrato 2,SI,Estrato 2 - SI,241.28050847457627,1180
2019-01-01,CAQUETA,Estrato 3,NO,Estrato 3 - NO,211.52173913043478,23
2019-01-01,CAQUETA,Estrato 3,SI,Estrato 3 - SI,247.8719646799117,453
2019-01-01,CAQUETA,Sin Estrato,NO,Sin Estrato - NO,201.85882352941175,85
2019-01-01,CAQUETA,Sin Estrato,SI,Sin Estrato - SI,206.34615384615384,234
2019-01-01,CASANARE,Estrato 1,NO,Estrato 1 - NO,228.78571428571428,266
2019-01-01,CASANARE,Estrato 1,SI,Estrato 1 - SI,245.7979704797048,2168
2019-01-01,CASANARE,Estrato 2,NO,Estrato 2 - NO,233.5391304347826,115
2019-01-01,CASANARE,Estrato 2,SI,Estrato 2 - SI,252.10697230181472,2094
2019-01-01,CASANARE,Estrato 3,NO,Estrato 3 - NO,216.0909090909091,22
2019-01-01,CASANARE,Estrato 3,SI,Estrato 3 - SI,261.9222042139384,617
2019-01-01,CASANARE,Sin Estrato,NO,Sin Estrato - NO,192.55555555555554,36
2019-01-01,CASANARE,Sin Estrato,SI,Sin Estrato - SI,213.87591240875912,137
2019-01-01,CAUCA,Estrato 1,NO,Estrato 1 - NO,222.69626168224298,856
2019-01-01,CAUCA,Estrato 1,SI,Estrato 1 - SI,230.72305994851047,5438
2019-01-01,CAUCA,Estrato 2,NO,Estrato 2 - NO,220.64888888888888,225
2019-01-01,CAUCA,Estrato 2,SI,Estrato 2 - SI,241.4425182481752,3288
2019-01-01,CAUCA,Estrato 3,NO,Estrato 3 - NO,206.82666666666665,75
2019-01-01,CAUCA,Estrato 3,SI,Estrato 3 - SI,247.58390517779165,1603
2019-01-01,CAUCA,Sin Estrato,NO,Sin Estrato - NO,198.89719626168224,214
2019-01-01,CAUCA,Sin Estrato,SI,Sin Estrato - SI,204.26642335766422,822
2019-01-01,CESAR,Estrato 1,NO,Estrato 1 - NO,224.73544973544975,567
2019-01-01,CESAR,Estrato 1,SI,Estrato 1 - SI,235.39362813370474,5744
2019-01-01,CESAR,Estrato 2,NO,Estrato 2 - NO,232.51461988304092,171
2019-01-01,CESAR,Estrato 2,SI,Estrato 2 - SI,247.56695598264105,3226
2019-01-01,CESAR,Estrato 3,NO,Estrato 3 - NO,221.84,50
2019-01-01,CESAR,Estrato 3,SI,Estrato 3 - SI,254.85426460711886,1489
2019-01-01,CESAR,Sin Estrato,NO,Sin Estrato - NO,206.01818181818183,110
2019-01-01,CESAR,Sin Estrato,SI,Sin Estrato - SI,209.5054229934924,461
2019-01-01,CHOCO,Estrato 1,NO,Estrato 1 - NO,195.70416666666668,240
2019-01-01,CHOCO,Estrato 1,SI,Estrato 1 - SI,212.68910782703887,1827
2019-01-01,CHOCO,Estrato 2,NO,Estrato 2 - NO,183.9102564102564,78
2019-01-01,CHOCO,Estrato 2,SI,Estrato 2 - SI,213.97492625368733,678
2019-01-01,CHOCO,Estrato 3,NO,Estrato 3 - NO,178.7608695652174,46
2019-01-01,CHOCO,Estrato 3,SI,Estrato 3 - SI,201.77962085308056,422
2019-01-01,CHOCO,Sin Estrato,NO,Sin Estrato - NO,173.9925925925926,135
2019-01-01,CHOCO,Sin Estrato,SI,Sin Estrato - SI,184.6031434184676,509
2019-01-01,CORDOBA,Estrato 1,NO,Estrato 1 - NO,224.56380316930776,1199
2019-01-01,CORDOBA,Estrato 1,SI,Estrato 1 - SI,239.3042232597623,9424
2019-01-01,CORDOBA,Estrato 2,NO,Estrato 2 - NO,220.53968253968253,252
2019-01-01,CORDOBA,Estrato 2,SI,Estrato 2 - SI,244.90544832641095,4093
2019-01-01,CORDOBA,Estrato 3,NO,Estrato 3 - NO,203.61855670103094,97
2019-01-01,CORDOBA,Estrato 3,SI,Estrato 3 - SI,243.47927135678393,1592
2019-01-01,CORDOBA,Sin Estrato,NO,Sin Estrato - NO,202.11475409836066,244
2019-01-01,CORDOBA,Sin Estrato,SI,Sin Estrato - SI,209.5657327586207,928
2019-01-01,CUNDINAMARCA,Estrato 1,NO,Estrato 1 - NO,226.21598877980364,713
2019-01-01,CUNDINAMARCA,Estrato 1,SI,Estrato 1 - SI,240.78321133779784,6421
2019-01-01,CUNDINAMARCA,Estrato 2,NO,Estrato 2 - NO,234.52507374631267,678
2019-01-01,CUNDINAMARCA,Estrato 2,SI,Estrato 2 - SI,254.8705756644851,14974
2019-01-01,CUNDINAMARCA,Estrato 3,NO,Estrato 3 - NO,232.1951219512195,205
2019-01-01,CUNDINAMARCA,Estrato 3,SI,Estrato 3 - SI,263.90986003760185,9574
2019-01-01,CUNDINAMARCA,Sin Estrato,NO,Sin Estrato - NO,215.86567164179104,67
2019-01-01,CUNDINAMARCA,Sin Estrato,SI,Sin Estrato - SI,233.25124378109453,402
2019-01-01,EXTRANJERO,Estrato 1,NO,Estrato 1 - NO,234.33333333333334,3
2019-01-01,EXTRANJERO,Estrato 1,SI,Estrato 1 - SI,240.5909090909091,22
2019-01-01,EXTRANJERO,Estrato 2,NO,Estrato 2 - NO,237.0,2
2019-01-01,EXTRANJERO,Estrato 2,SI,Estrato 2 - SI,249.56,25
2019-01-01,EXTRANJERO,Estrato 3,NO,Estrato 3 - NO,213.0,1
2019-01-01,EXTRANJERO,Estrato 3,SI,Estrato 3 - SI,232.27777777777777,18
2019-01-01,EXTRANJERO,Sin Estrato,SI,Sin Estrato - SI,227.86206896551724,29
2019-01-01,GUAINIA,Estrato 1,NO,Estrato 1 - NO,230.88888888888889,18
2019-01-01,GUAINIA,Estrato 1,SI,Estrato 1 - SI,228.79012345679013,81
2019-01-01,GUAINIA,Estrato 2,NO,Estrato 2 - NO,212.88888888888889,9
2019-01-01,GUAINIA,Estrato 2,SI,Estrato 2 - SI,255.64444444444445,45
2019-01-01,GUAINIA,Estrato 3,NO,Estrato 3 - NO,203.8,5
2019-01-01,GUAINIA,Estrato 3,SI,Estrato 3 - SI,247.06666666666666,15
2019-01-01,GUAINIA,Sin Estrato,NO,Sin Estrato - NO,191.1860465116279,43
2019-01-01,GUAINIA,Sin Estrato,SI,Sin Estrato - SI,202.63333333333333,30
2019-01-01,GUAVIARE,Estrato 1,NO,Estrato 1 - NO,210.46575342465752,73
2019-01-01,GUAVIARE,Estrato 1,SI,Estrato 1 - SI,229.2377049180328,366
2019-01-01,GUAVIARE,Estrato 2,NO,Estrato 2 - NO,210.6315789473684,19
2019-01-01,GUAVIARE,Estrato 2,SI,Estrato 2 - SI,237.7520325203252,246
2019-01-01,GUAVIARE,Estrato 3,NO,Estrato 3 - NO,191.6,10
2019-01-01,GUAVIARE,Estrato 3,SI,Estrato 3 - SI,227.7710843373494,83
2019-01-01,GUAVIARE,Sin Estrato,NO,Sin Estrato - NO,205.75,32
2019-01-01,GUAVIARE,Sin Estrato,SI,Sin Estrato - SI,201.26153846153846,65
2019-01-01,HUILA,Estrato 1,NO,Estrato 1 - NO,241.88362068965517,696
2019-01-01,HUILA,Estrato 1,SI,Estrato 1 - SI,246.04608711368155,5533
2019-01-01,HUILA,Estrato 2,NO,Estrato 2 - NO,236.63492063492063,252
2019-01-01,HUILA,Estrato 2,SI,Estrato 2 - SI,256.7317724378723,4869
2019-01-01,HUILA,Estrato 3,NO,Estrato 3 - NO,223.07142857142858,28
2019-01-01,HUILA,Estrato 3,SI,Estrato 3 - SI,264.64612511671334,1071
2019-01-01,HUILA,Sin Estrato,NO,Sin Estrato - NO,222.725,40
2019-01-01,HUILA,Sin Estrato,SI,Sin Estrato - SI,227.24537037037038,216
2019-01-01,LA GUAJIRA,Estrato 1,NO,Estrato 1 - NO,215.19594594594594,296
2019-01-01,LA GUAJIRA,Estrato 1,SI,Estrato 1 - SI,224.88819875776397,2254
2019-01-01,LA GUAJIRA,Estrato 2,NO,Estrato 2 - NO,216.30344827586208,145
2019-01-01,LA GUAJIRA,Estrato 2,SI,Estrato 2 - SI,236.7043961596766,1979
2019-01-01,LA GUAJIRA,Estrato 3,NO,Estrato 3 - NO,200.58823529411765,51
2019-01-01,LA GUAJIRA,Estrato 3,SI,Estrato 3 - SI,231.50155763239874,963
2019-01-01,LA GUAJIRA,Sin Estrato,NO,Sin Estrato - NO,190.42964824120602,398
2019-01-01,LA GUAJIRA,Sin Estrato,SI,Sin Estrato - SI,198.97002497918402,1201
2019-01-01,MAGDALENA,Estrato 1,NO,Estrato 1 - NO,208.86363636363637,550
2019-01-01,MAGDALENA,Estrato 1,SI,Estrato 1 - SI,221.3168893456663,5838
2019-01-01,MAGDALENA,Estrato 2,NO,Estrato 2 - NO,211.40828402366864,169
2019-01-01,MAGDALENA,Estrato 2,SI,Estrato 2 - SI,229.31682059893646,3573
2019-01-01,MAGDALENA,Estrato 3,NO,Estrato 3 - NO,210.0731707317073,82
2019-01-01,MAGDALENA,Estrato 3,SI,Estrato 3 - SI,235.83734685255598,2367
2019-01-01,MAGDALENA,Sin Estrato,NO,Sin Estrato - NO,195.60194174757282,206
2019-01-01,MAGDALENA,Sin Estrato,SI,Sin Estrato - SI,200.10078878177038,1141
2019-01-01,META,Estrato 1,NO,Estrato 1 - NO,227.43977591036415,357
2019-01-01,META,Estrato 1,SI,Estrato 1 - SI,240.47770128703982,3341
2019-01-01,META,Estrato 2,NO,Estrato 2 - NO,231.56796116504853,206
2019-01-01,META,Estrato 2,SI,Estrato 2 - SI,248.15832746065306,4257
2019-01-01,META,Estrato 3,NO,Estrato 3 - NO,228.11290322580646,62
2019-01-01,META,Estrato 3,SI,Estrato 3 - SI,262.32599459250673,2589
2019-01-01,META,Sin Estrato,NO,Sin Estrato - NO,217.03508771929825,57
2019-01-01,META,Sin Estrato,SI,Sin Estrato - SI,219.08333333333334,264
2019-01-01,NARIÑO,Estrato 1,NO,Estrato 1 - NO,231.35016835016836,891
2019-01-01,NARIÑO,Estrato 1,SI,Estrato 1 - SI,246.28989395681614,7827
2019-01-01,NARIÑO,Estrato 2,NO,Estrato 2 - NO,230.25641025641025,195
2019-01-01,NARIÑO,Estrato 2,SI,Estrato 2 - SI,258.0598450440823,3743
2019-01-01,NARIÑO,Estrato 3,NO,Estrato 3 - NO,210.64912280701753,57
2019-01-01,NARIÑO,Estrato 3,SI,Estrato 3 - SI,264.0132241813602,1588
2019-01-01,NARIÑO,Sin Estrato,NO,Sin Estrato - NO,196.97297297297297,148
2019-01-01,NARIÑO,Sin Estrato,SI,Sin Estrato - SI,213.1695652173913,690
2019-01-01,NORTE SANTANDER,Estrato 1,NO,Estrato 1 - NO,236.16491228070174,570
2019-01-01,NORTE SANTANDER,Estrato 1,SI,Estrato 1 - SI,250.55901307309887,5431
2019-01-01,NORTE SANTANDER,Estrato 2,NO,Estrato 2 - NO,243.26591760299627,267
2019-01-01,NORTE SANTANDER,Estrato 2,SI,Estrato 2 - SI,258.2547280334728,5975
2019-01-01,NORTE SANTANDER,Estrato 3,NO,Estrato 3 - NO,228.26829268292684,41
2019-01-01,NORTE SANTANDER,Estrato 3,SI,Estrato 3 - SI,268.6960257787325,1862
2019-01-01,NORTE SANTANDER,Sin Estrato,NO,Sin Estrato - NO,223.6875,48
2019-01-01,NORTE SANTANDER,Sin Estrato,SI,Sin Estrato - SI,224.31428571428572,245
2019-01-01,PUTUMAYO,Estrato 1,NO,Estrato 1 - NO,228.12177121771217,271
2019-01-01,PUTUMAYO,Estrato 1,SI,Estrato 1 - SI,244.41286863270778,1865
2019-01-01,PUTUMAYO,Estrato 2,NO,Estrato 2 - NO,220.08,50
2019-01-01,PUTUMAYO,Estrato 2,SI,Estrato 2 - SI,243.21386430678467,678
2019-01-01,PUTUMAYO,Estrato 3,NO,Estrato 3 - NO,216.26666666666668,15
2019-01-01,PUTUMAYO,Estrato 3,SI,Estrato 3 - SI,241.83495145631068,206
2019-01-01,PUTUMAYO,Sin Estrato,NO,Sin Estrato - NO,211.75572519083968,131
2019-01-01,PUTUMAYO,Sin Estrato,SI,Sin Estrato - SI,220.0375,320
2019-01-01,QUINDIO,Estrato 1,NO,Estrato 1 - NO,228.76729559748426,159
2019-01-01,QUINDIO,Estrato 1,SI,Estrato 1 - SI,242.85157232704404,1590
2019-01-01,QUINDIO,Estrato 2,NO,Estrato 2 - NO,224.4368932038835,103
2019-01-01,QUINDIO,Estrato 2,SI,Estrato 2 - SI,252.81931166347994,2092
2019-01-01,QUINDIO,Estrato 3,NO,Estrato 3 - NO,223.92857142857142,28
2019-01-01,QUINDIO,Estrato 3,SI,Estrato 3 - SI,265.5976833976834,1295
2019-01-01,QUINDIO,Sin Estrato,NO,Sin Estrato - NO,195.66666666666666,12
2019-01-01,QUINDIO,Sin Estrato,SI,Sin Estrato - SI,223.7674418604651,86
2019-01-01,RISARALDA,Estrato 1,NO,Estrato 1 - NO,230.35096153846155,208
2019-01-01,RISARALDA,Estrato 1,SI,Estrato 1 - SI,238.29866071428572,2240
2019-01-01,RISARALDA,Estrato 2,NO,Estrato 2 - NO,230.26506024096386,166
2019-01-01,RISARALDA,Estrato 2,SI,Estrato 2 - SI,249.7900712965408,3787
2019-01-01,RISARALDA,Estrato 3,NO,Estrato 3 - NO,233.21153846153845,52
2019-01-01,RISARALDA,Estrato 3,SI,Estrato 3 - SI,261.17894736842106,2375
2019-01-01,RISARALDA,Sin Estrato,NO,Sin Estrato - NO,191.66666666666666,24
2019-01-01,RISARALDA,Sin Estrato,SI,Sin Estrato - SI,222.67441860465115,129
2019-01-01,SAN ANDRES,Estrato 1,NO,Estrato 1 - NO,196.57142857142858,7
2019-01-01,SAN ANDRES,Estrato 1,SI,Estrato 1 - SI,226.78333333333333,120
2019-01-01,SAN ANDRES,Estrato 2,NO,Estrato 2 - NO,201.125,16
2019-01-01,SAN ANDRES,Estrato 2,SI,Estrato 2 - SI,231.16299559471366,227
2019-01-01,SAN ANDRES,Estrato 3,NO,Estrato 3 - NO,222.33333333333334,6
2019-01-01,SAN ANDRES,Estrato 3,SI,Estrato 3 - SI,248.281045751634,153
2019-01-01,SAN ANDRES,Sin Estrato,NO,Sin Estrato - NO,247.0,1
2019-01-01,SAN ANDRES,Sin Estrato,SI,Sin Estrato - SI,193.21428571428572,14
2019-01-01,SANTANDER,Estrato 1,NO,Estrato 1 - NO,242.38888888888889,756
2019-01-01,SANTANDER,Estrato 1,SI,Estrato 1 - SI,252.3831061854126,6677
2019-01-01,SANTANDER,Estrato 2,NO,Estrato 2 - NO,251.128,375
2019-01-01,SANTANDER,Estrato 2,SI,Estrato 2 - SI,263.0157817470027,8174
2019-01-01,SANTANDER,Estrato 3,NO,Estrato 3 - NO,236.28181818181818,110
2019-01-01,SANTANDER,Estrato 3,SI,Estrato 3 - SI,277.43869209809264,5138
2019-01-01,SANTANDER,Sin Estrato,NO,Sin Estrato - NO,223.05769230769232,52
2019-01-01,SANTANDER,Sin Estrato,SI,Sin Estrato - SI,235.39076923076922,325
2019-01-01,SUCRE,Estrato 1,NO,Estrato 1 - NO,226.49193548387098,620
2019-01-01,SUCRE,Estrato 1,SI,Estrato 1 - SI,238.39067656765675,4848
2019-01-01,SUCRE,Estrato 2,NO,Estrato 2 - NO,222.45112781954887,133
2019-01-01,SUCRE,Estrato 2,SI,Estrato 2 - SI,249.0849346656418,2602
2019-01-01,SUCRE,Estrato 3,NO,Estrato 3 - NO,204.02272727272728,44
2019-01-01,SUCRE,Estrato 3,SI,Estrato 3 - SI,237.61065088757397,845
2019-01-01,SUCRE,Sin Estrato,NO,Sin Estrato - NO,203.46363636363637,110
2019-01-01,SUCRE,Sin Estrato,SI,Sin Estrato - SI,204.0791208791209,455
2019-01-01,TOLIMA,Estrato 1,NO,Estrato 1 - NO,218.7875,560
2019-01-01,TOLIMA,Estrato 1,SI,Estrato 1 - SI,231.1253202888423,4293
2019-01-01,TOLIMA,Estrato 2,NO,Estrato 2 - NO,222.89634146341464,328
2019-01-01,TOLIMA,Estrato 2,SI,Estrato 2 - SI,244.88346363770466,6779
2019-01-01,TOLIMA,Estrato 3,NO,Estrato 3 - NO,223.8375,80
2019-01-01,TOLIMA,Estrato 3,SI,Estrato 3 - SI,259.35880398671094,2408
2019-01-01,TOLIMA,Sin Estrato,NO,Sin Estrato - NO,207.35593220338984,59
2019-01-01,TOLIMA,Sin Estrato,SI,Sin Estrato - SI,208.86363636363637,242
2019-01-01,VALLE,Estrato 1,NO,Estrato 1 - NO,223.63337547408344,791
2019-01-01,VALLE,Estrato 1,SI,Estrato 1 - SI,238.0793601968625,9753
2019-01-01,VALLE,Estrato 2,NO,Estrato 2 - NO,227.70967741935485,558
2019-01-01,VALLE,Estrato 2,SI,Estrato 2 - SI,250.89525121343303,15246
2019-01-01,VALLE,Estrato 3,NO,Estrato 3 - NO,229.82564102564103,195
2019-01-01,VALLE,Estrato 3,SI,Estrato 3 - SI,261.47445479676463,9767
2019-01-01,VALLE,Sin Estrato,NO,Sin Estrato - NO,198.50515463917526,97
2019-01-01,VALLE,Sin Estrato,SI,Sin Estrato - SI,213.0029761904762,672
2019-01-01,VAUPES,Estrato 1,NO,Estrato 1 - NO,208.80769230769232,26
2019-01-01,VAUPES,Estrato 1,SI,Estrato 1 - SI,231.47619047619048,84
2019-01-01,VAUPES,Estrato 2,NO,Estrato 2 - NO,200.6,5
2019-01-01,VAUPES,Estrato 2,SI,Estrato 2 - SI,227.76190476190476,21
2019-01-01,VAUPES,Estrato 3,NO,Estrato 3 - NO,195.0,6
2019-01-01,VAUPES,Estrato 3,SI,Estrato 3 - SI,194.6,10
2019-01-01,VAUPES,Sin Estrato,NO,Sin Estrato - NO,195.9245283018868,53
2019-01-01,VAUPES,Sin Estrato,SI,Sin Estrato - SI,201.79310344827587,58
2019-01-01,VICHADA,Estrato 1,NO,Estrato 1 - NO,224.92857142857142,42
2019-01-01,VICHADA,Estrato 1,SI,Estrato 1 - SI,232.03191489361703,188
2019-01-01,VICHADA,Estrato 2,NO,Estrato 2 - NO,226.33333333333334,9
2019-01-01,VICHADA,Estrato 2,SI,Estrato 2 - SI,241.66666666666666,72
2019-01-01,VICHADA,Estrato 3,NO,Estrato 3 - NO,218.0,3
2019-01-01,VICHADA,Estrato 3,SI,Estrato 3 - SI,245.03225806451613,31
2019-01-01,VICHADA,Sin Estrato,NO,Sin Estrato - NO,191.84848484848484,33
2019-01-01,VICHADA,Sin Estrato,SI,Sin Estrato - SI,206.0810810810811,74
2020-01-01,AMAZONAS,Estrato 1,NO,Estrato 1 - NO,205.5,36
2020-01-01,AMAZONAS,Estrato 1,SI,Estrato 1 - SI,219.41610738255034,149
2020-01-01,AMAZONAS,Estrato 2,NO,Estrato 2 - NO,211.04761904761904,21
2020-01-01,AMAZONAS,Estrato 2,SI,Estrato 2 - SI,231.79738562091504,153
2020-01-01,AMAZONAS,Estrato 3,NO,Estrato 3 - NO,225.88888888888889,9
2020-01-01,AMAZONAS,Estrato 3,SI,Estrato 3 - SI,245.05882352941177,102
2020-01-01,AMAZONAS,Sin Estrato,NO,Sin Estrato - NO,194.74285714285713,35
2020-01-01,AMAZONAS,Sin Estrato,SI,Sin Estrato - SI,210.4516129032258,62
2020-01-01,ANTIOQUIA,Estrato 1,NO,Estrato 1 - NO,208.47149643705464,1684
2020-01-01,ANTIOQUIA,Estrato 1,SI,Estrato 1 - SI,227.83764234047123,13963
2020-01-01,ANTIOQUIA,Estrato 2,NO,Estrato 2 - NO,212.18330605564648,1222
2020-01-01,ANTIOQUIA,Estrato 2,SI,Estrato 2 - SI,243.12832656743348,26604
2020-01-01,ANTIOQUIA,Estrato 3,NO,Estrato 3 - NO,213.99162011173183,358
2020-01-01,ANTIOQUIA,Estrato 3,SI,Estrato 3 - SI,257.89021089432725,17734
2020-01-01,ANTIOQUIA,Sin Estrato,NO,Sin Estrato - NO,195.74107142857142,224
2020-01-01,ANTIOQUIA,Sin Estrato,SI,Sin Estrato - SI,213.23848515864893,977
2020-01-01,ARAUCA,Estrato 1,NO,Estrato 1 - NO,225.795,200
2020-01-01,ARAUCA,Estrato 1,SI,Estrato 1 - SI,245.90014265335236,1402
2020-01-01,ARAUCA,Estrato 2,NO,Estrato 2 - NO,224.44642857142858,56
2020-01-01,ARAUCA,Estrato 2,SI,Estrato 2 - SI,247.4345238095238,672
2020-01-01,ARAUCA,Estrato 3,NO,Estrato 3 - NO,200.16666666666666,12
2020-01-01,ARAUCA,Estrato 3,SI,Estrato 3 - SI,243.22477064220183,218
2020-01-01,ARAUCA,Sin Estrato,NO,Sin Estrato - NO,210.52941176470588,34
2020-01-01,ARAUCA,Sin Estrato,SI,Sin Estrato - SI,216.01142857142858,175
2020-01-01,ATLANTICO,Estrato 1,NO,Estrato 1 - NO,220.265625,704
2020-01-01,ATLANTICO,Estrato 1,SI,Estrato 1 - SI,238.56072720350275,10506
2020-01-01,ATLANTICO,Estrato 2,NO,Estrato 2 - NO,220.8397212543554,287
2020-01-01,ATLANTICO,Estrato 2,SI,Estrato 2 - SI,248.07990506329114,8848
2020-01-01,ATLANTICO,Estrato 3,NO,Estrato 3 - NO,221.4144144144144,111
2020-01-01,ATLANTICO,Estrato 3,SI,Estrato 3 - SI,257.25739773716276,4596
2020-01-01,ATLANTICO,Sin Estrato,NO,Sin Estrato - NO,195.3896103896104,77
2020-01-01,ATLANTICO,Sin Estrato,SI,Sin Estrato - SI,211.55829228243022,609
2020-01-01,BOGOTA,Estrato 1,NO,Estrato 1 - NO,225.974930362117,359
2020-01-01,BOGOTA,Estrato 1,SI,Estrato 1 - SI,247.40114041339984,7015
2020-01-01,BOGOTA,Estrato 2,NO,Estrato 2 - NO,231.60056657223797,706
2020-01-01,BOGOTA,Estrato 2,SI,Estrato 2 - SI,260.34308404623926,32613
2020-01-01,BOGOTA,Estrato 3,NO,Estrato 3 - NO,241.48062015503876,258
2020-01-01,BOGOTA,Estrato 3,SI,Estrato 3 - SI,275.25766304749243,27078
2020-01-01,BOGOTA,Sin Estrato,NO,Sin Estrato - NO,214.11111111111111,27
2020-01-01,BOGOTA,Sin Estrato,SI,Sin Estrato - SI,241.1120218579235,366
2020-01-01,BOLIVAR,Estrato 1,NO,Estrato 1 - NO,211.6778947368421,950
2020-01-01,BOLIVAR,Estrato 1,SI,Estrato 1 - SI,226.58693867979832,8529
2020-01-01,BOLIVAR,Estrato 2,NO,Estrato 2 - NO,214.6552795031056,322
2020-01-01,BOLIVAR,Estrato 2,SI,Estrato 2 - SI,239.17824110362125,6379
2020-01-01,BOLIVAR,Estrato 3,NO,Estrato 3 - NO,203.01418439716312,141
2020-01-01,BOLIVAR,Estrato 3,SI,Estrato 3 - SI,246.03595368677637,3282
2020-01-01,BOLIVAR,Sin Estrato,NO,Sin Estrato - NO,195.2225806451613,310
2020-01-01,BOLIVAR,Sin Estrato,SI,Sin Estrato - SI,202.78263937896966,1417
2020-01-01,BOYACA,Estrato 1,NO,Estrato 1 - NO,236.1875,592
2020-01-01,BOYACA,Estrato 1,SI,Estrato 1 - SI,248.30696744717304,3502
2020-01-01,BOYACA,Estrato 2,NO,Estrato 2 - NO,239.5916870415648,409
2020-01-01,BOYACA,Estrato 2,SI,Estrato 2 - SI,264.1990898748578,7032
2020-01-01,BOYACA,Estrato 3,NO,Estrato 3 - NO,236.17777777777778,45
2020-01-01,BOYACA,Estrato 3,SI,Estrato 3 - SI,275.375156838143,2391
2020-01-01,BOYACA,Sin Estrato,NO,Sin Estrato - NO,217.22222222222223,36
2020-01-01,BOYACA,Sin Estrato,SI,Sin Estrato - SI,229.5036496350365,137
2020-01-01,CALDAS,Estrato 1,NO,Estrato 1 - NO,222.712,250
2020-01-01,CALDAS,Estrato 1,SI,Estrato 1 - SI,237.04225959465288,2319
2020-01-01,CALDAS,Estrato 2,NO,Estrato 2 - NO,227.36516853932585,178
2020-01-01,CALDAS,Estrato 2,SI,Estrato 2 - SI,248.7387192650635,3701
2020-01-01,CALDAS,Estrato 3,NO,Estrato 3 - NO,228.52941176470588,34
2020-01-01,CALDAS,Estrato 3,SI,Estrato 3 - SI,266.14714344430746,2433
2020-01-01,CALDAS,Sin Estrato,NO,Sin Estrato - NO,216.07142857142858,28
2020-01-01,CALDAS,Sin Estrato,SI,Sin Estrato - SI,225.4921875,128
2020-01-01,CAQUETA,Estrato 1,NO,Estrato 1 - NO,218.35185185185185,216
2020-01-01,CAQUETA,Estrato 1,SI,Estrato 1 - SI,238.92227020357805,1621
2020-01-01,CAQUETA,Estrato 2,NO,Estrato 2 - NO,219.31147540983608,61
2020-01-01,CAQUETA,Estrato 2,SI,Estrato 2 - SI,242.3531047265987,1079
2020-01-01,CAQUETA,Estrato 3,NO,Estrato 3 - NO,221.56521739130434,23
2020-01-01,CAQUETA,Estrato 3,SI,Estrato 3 - SI,247.43669250645993,387
2020-01-01,CAQUETA,Sin Estrato,NO,Sin Estrato - NO,202.44897959183675,49
2020-01-01,CAQUETA,Sin Estrato,SI,Sin Estrato - SI,217.09876543209876,162
2020-01-01,CASANARE,Estrato 1,NO,Estrato 1 - NO,229.25632911392404,316
2020-01-01,CASANARE,Estrato 1,SI,Estrato 1 - SI,246.59646539027983,2037
2020-01-01,CASANARE,Estrato 2,NO,Estrato 2 - NO,241.66666666666666,123
2020-01-01,CASANARE,Estrato 2,SI,Estrato 2 - SI,252.7788196359625,1813
2020-01-01,CASANARE,Estrato 3,NO,Estrato 3 - NO,240.1904761904762,21
2020-01-01,CASANARE,Estrato 3,SI,Estrato 3 - SI,259.35081967213114,610
2020-01-01,CASANARE,Sin Estrato,NO,Sin Estrato - NO,212.21212121212122,33
2020-01-01,CASANARE,Sin Estrato,SI,Sin Estrato - SI,227.19417475728156,103
2020-01-01,CAUCA,Estrato 1,NO,Estrato 1 - NO,220.04273504273505,702
2020-01-01,CAUCA,Estrato 1,SI,Estrato 1 - SI,233.06332992849846,4895
2020-01-01,CAUCA,Estrato 2,NO,Estrato 2 - NO,218.52403846153845,208
2020-01-01,CAUCA,Estrato 2,SI,Estrato 2 - SI,242.3003640776699,3296
2020-01-01,CAUCA,Estrato 3,NO,Estrato 3 - NO,205.3448275862069,87
2020-01-01,CAUCA,Estrato 3,SI,Estrato 3 - SI,246.72647257955316,1477
2020-01-01,CAUCA,Sin Estrato,NO,Sin Estrato - NO,200.22340425531914,188
2020-01-01,CAUCA,Sin Estrato,SI,Sin Estrato - SI,208.98096446700507,788
2020-01-01,CESAR,Estrato 1,NO,Estrato 1 - NO,222.0730050933786,589
2020-01-01,CESAR,Estrato 1,SI,Estrato 1 - SI,238.00916138125442,5676
2020-01-01,CESAR,Estrato 2,NO,Estrato 2 - NO,229.50704225352112,142
2020-01-01,CESAR,Estrato 2,SI,Estrato 2 - SI,247.28743439333127,3239
2020-01-01,CESAR,Estrato 3,NO,Estrato 3 - NO,214.82051282051282,39
2020-01-01,CESAR,Estrato 3,SI,Estrato 3 - SI,257.61885895404123,1262
2020-01-01,CESAR,Sin Estrato,NO,Sin Estrato - NO,209.75892857142858,112
2020-01-01,CESAR,Sin Estrato,SI,Sin Estrato - SI,212.017316017316,462
2020-01-01,CHOCO,Estrato 1,NO,Estrato 1 - NO,206.90995260663507,211
2020-01-01,CHOCO,Estrato 1,SI,Estrato 1 - SI,219.70613496932515,1630
2020-01-01,CHOCO,Estrato 2,NO,Estrato 2 - NO,198.84126984126985,63
2020-01-01,CHOCO,Estrato 2,SI,Estrato 2 - SI,214.10962962962964,675
2020-01-01,CHOCO,Estrato 3,NO,Estrato 3 - NO,180.75757575757575,33
2020-01-01,CHOCO,Estrato 3,SI,Estrato 3 - SI,208.0655737704918,427
2020-01-01,CHOCO,Sin Estrato,NO,Sin Estrato - NO,191.44736842105263,114
2020-01-01,CHOCO,Sin Estrato,SI,Sin Estrato - SI,193.24340770791076,493
2020-01-01,CORDOBA,Estrato 1,NO,Estrato 1 - NO,222.09293089753774,1259
2020-01-01,CORDOBA,Estrato 1,SI,Estrato 1 - SI,239.00567559494175,10043
2020-01-01,CORDOBA,Estrato 2,NO,Estrato 2 - NO,216.7871485943775,249
2020-01-01,CORDOBA,Estrato 2,SI,Estrato 2 - SI,242.2006537591149,3977
2020-01-01,CORDOBA,Estrato 3,NO,Estrato 3 - NO,207.1578947368421,95
2020-01-01,CORDOBA,Estrato 3,SI,Estrato 3 - SI,240.51694304253786,1387
2020-01-01,CORDOBA,Sin Estrato,NO,Sin Estrato - NO,200.33636363636364,220
2020-01-01,CORDOBA,Sin Estrato,SI,Sin Estrato - SI,207.29680365296804,876
2020-01-01,CUNDINAMARCA,Estrato 1,NO,Estrato 1 - NO,228.94818652849742,579
2020-01-01,CUNDINAMARCA,Estrato 1,SI,Estrato 1 - SI,243.31342736764975,5459
2020-01-01,CUNDINAMARCA,Estrato 2,NO,Estrato 2 - NO,233.1178781925344,509
2020-01-01,CUNDINAMARCA,Estrato 2,SI,Estrato 2 - SI,257.18532900310646,14164
2020-01-01,CUNDINAMARCA,Estrato 3,NO,Estrato 3 - NO,240.768115942029,138
2020-01-01,CUNDINAMARCA,Estrato 3,SI,Estrato 3 - SI,266.7310164724789,9956
2020-01-01,CUNDINAMARCA,Sin Estrato,NO,Sin Estrato - NO,213.1904761904762,42
2020-01-01,CUNDINAMARCA,Sin Estrato,SI,Sin Estrato - SI,235.84097035040432,371
2020-01-01,EXTRANJERO,Estrato 1,NO,Estrato 1 - NO,242.5,2
2020-01-01,EXTRANJERO,Estrato 1,SI,Estrato 1 - SI,263.77777777777777,9
2020-01-01,EXTRANJERO,Estrato 2,SI,Estrato 2 - SI,244.0,2
2020-01-01,EXTRANJERO,Estrato 3,SI,Estrato 3 - SI,220.25,4
2020-01-01,EXTRANJERO,Sin Estrato,SI,Sin Estrato - SI,200.0,1
2020-01-01,GUAINIA,Estrato 1,NO,Estrato 1 - NO,214.91666666666666,24
2020-01-01,GUAINIA,Estrato 1,SI,Estrato 1 - SI,235.4920634920635,63
2020-01-01,GUAINIA,Estrato 2,NO,Estrato 2 - NO,222.85714285714286,7
2020-01-01,GUAINIA,Estrato 2,SI,Estrato 2 - SI,250.33870967741936,62
2020-01-01,GUAINIA,Estrato 3,NO,Estrato 3 - NO,213.5,2
2020-01-01,GUAINIA,Estrato 3,SI,Estrato 3 - SI,239.3181818181818,22
2020-01-01,GUAINIA,Sin Estrato,NO,Sin Estrato - NO,190.42307692307693,26
2020-01-01,GUAINIA,Sin Estrato,SI,Sin Estrato - SI,203.28571428571428,42
2020-01-01,GUAVIARE,Estrato 1,NO,Estrato 1 - NO,217.5735294117647,68
2020-01-01,GUAVIARE,Estrato 1,SI,Estrato 1 - SI,233.11371237458195,299
2020-01-01,GUAVIARE,Estrato 2,NO,Estrato 2 - NO,230.6818181818182,22
2020-01-01,GUAVIARE,Estrato 2,SI,Estrato 2 - SI,238.73706896551724,232
2020-01-01,GUAVIARE,Estrato 3,NO,Estrato 3 - NO,221.0,5
2020-01-01,GUAVIARE,Estrato 3,SI,Estrato 3 - SI,232.78666666666666,75
2020-01-01,GUAVIARE,Sin Estrato,NO,Sin Estrato - NO,219.6315789473684,19
2020-01-01,GUAVIARE,Sin Estrato,SI,Sin Estrato - SI,213.47826086956522,46
2020-01-01,HUILA,Estrato 1,NO,Estrato 1 - NO,237.6094890510949,548
2020-01-01,HUILA,Estrato 1,SI,Estrato 1 - SI,245.45437302423605,4745
2020-01-01,HUILA,Estrato 2,NO,Estrato 2 - NO,237.05102040816325,196
2020-01-01,HUILA,Estrato 2,SI,Estrato 2 - SI,256.0375773651636,4524
2020-01-01,HUILA,Estrato 3,NO,Estrato 3 - NO,226.375,24
2020-01-01,HUILA,Estrato 3,SI,Estrato 3 - SI,265.09152215799617,1038
2020-01-01,HUILA,Sin Estrato,NO,Sin Estrato - NO,210.13636363636363,44
2020-01-01,HUILA,Sin Estrato,SI,Sin Estrato - SI,222.5215053763441,186
2020-01-01,LA GUAJIRA,Estrato 1,NO,Estrato 1 - NO,214.06148867313917,309
2020-01-01,LA GUAJIRA,Estrato 1,SI,Estrato 1 - SI,231.59729619008604,2441
2020-01-01,LA GUAJIRA,Estrato 2,NO,Estrato 2 - NO,209.63846153846154,130
2020-01-01,LA GUAJIRA,Estrato 2,SI,Estrato 2 - SI,241.71634863331613,1939
2020-01-01,LA GUAJIRA,Estrato 3,NO,Estrato 3 - NO,206.96,50
2020-01-01,LA GUAJIRA,Estrato 3,SI,Estrato 3 - SI,237.4294790343075,787
2020-01-01,LA GUAJIRA,Sin Estrato,NO,Sin Estrato - NO,193.42857142857142,364
2020-01-01,LA GUAJIRA,Sin Estrato,SI,Sin Estrato - SI,202.97720515361743,1009
2020-01-01,MAGDALENA,Estrato 1,NO,Estrato 1 - NO,211.86363636363637,638
2020-01-01,MAGDALENA,Estrato 1,SI,Estrato 1 - SI,225.59022687609075,5730
2020-01-01,MAGDALENA,Estrato 2,NO,Estrato 2 - NO,215.06435643564356,202
2020-01-01,MAGDALENA,Estrato 2,SI,Estrato 2 - SI,230.44215575620768,3544
2020-01-01,MAGDALENA,Estrato 3,NO,Estrato 3 - NO,203.43243243243242,74
2020-01-01,MAGDALENA,Estrato 3,SI,Estrato 3 - SI,243.03777985074626,2144
2020-01-01,MAGDALENA,Sin Estrato,NO,Sin Estrato - NO,198.55605381165918,223
2020-01-01,MAGDALENA,Sin Estrato,SI,Sin Estrato - SI,204.836815920398,1005
2020-01-01,META,Estrato 1,NO,Estrato 1 - NO,226.5653594771242,306
2020-01-01,META,Estrato 1,SI,Estrato 1 - SI,243.4895238095238,3150
2020-01-01,META,Estrato 2,NO,Estrato 2 - NO,228.2157894736842,190
2020-01-01,META,Estrato 2,SI,Estrato 2 - SI,249.67865943814687,4058
2020-01-01,META,Estrato 3,NO,Estrato 3 - NO,227.58333333333334,48
2020-01-01,META,Estrato 3,SI,Estrato 3 - SI,264.8045889101338,2615
2020-01-01,META,Sin Estrato,NO,Sin Estrato - NO,215.3015873015873,63
2020-01-01,META,Sin Estrato,SI,Sin Estrato - SI,222.8733031674208,221
2020-01-01,NARIÑO,Estrato 1,NO,Estrato 1 - NO,233.9349173553719,968
2020-01-01,NARIÑO,Estrato 1,SI,Estrato 1 - SI,248.9234608985025,7212
2020-01-01,NARIÑO,Estrato 2,NO,Estrato 2 - NO,232.44329896907217,194
2020-01-01,NARIÑO,Estrato 2,SI,Estrato 2 - SI,257.61692772739764,3639
2020-01-01,NARIÑO,Estrato 3,NO,Estrato 3 - NO,213.35714285714286,56
2020-01-01,NARIÑO,Estrato 3,SI,Estrato 3 - SI,262.5133155792277,1502
2020-01-01,NARIÑO,Sin Estrato,NO,Sin Estrato - NO,204.86290322580646,124
2020-01-01,NARIÑO,Sin Estrato,SI,Sin Estrato - SI,215.3876582278481,632
2020-01-01,NORTE SANTANDER,Estrato 1,NO,Estrato 1 - NO,233.69656488549617,524
2020-01-01,NORTE SANTANDER,Estrato 1,SI,Estrato 1 - SI,250.81413562559695,5235
2020-01-01,NORTE SANTANDER,Estrato 2,NO,Estrato 2 - NO,238.23389830508475,295
2020-01-01,NORTE SANTANDER,Estrato 2,SI,Estrato 2 - SI,259.9195341450503,5667
2020-01-01,NORTE SANTANDER,Estrato 3,NO,Estrato 3 - NO,226.07692307692307,39
2020-01-01,NORTE SANTANDER,Estrato 3,SI,Estrato 3 - SI,269.83618149675897,1697
2020-01-01,NORTE SANTANDER,Sin Estrato,NO,Sin Estrato - NO,208.69387755102042,49
2020-01-01,NORTE SANTANDER,Sin Estrato,SI,Sin Estrato - SI,224.93333333333334,195
2020-01-01,PUTUMAYO,Estrato 1,NO,Estrato 1 - NO,228.11320754716982,318
2020-01-01,PUTUMAYO,Estrato 1,SI,Estrato 1 - SI,243.35147928994084,1690
2020-01-01,PUTUMAYO,Estrato 2,NO,Estrato 2 - NO,226.06,50
2020-01-01,PUTUMAYO,Estrato 2,SI,Estrato 2 - SI,245.73652694610777,668
2020-01-01,PUTUMAYO,Estrato 3,NO,Estrato 3 - NO,216.92307692307693,13
2020-01-01,PUTUMAYO,Estrato 3,SI,Estrato 3 - SI,242.68076923076924,260
2020-01-01,PUTUMAYO,Sin Estrato,NO,Sin Estrato - NO,206.25925925925927,108
2020-01-01,PUTUMAYO,Sin Estrato,SI,Sin Estrato - SI,219.86581469648561,313
2020-01-01,QUINDIO,Estrato 1,NO,Estrato 1 - NO,225.36434108527132,129
2020-01-01,QUINDIO,Estrato 1,SI,Estrato 1 - SI,241.73626373626374,1365
2020-01-01,QUINDIO,Estrato 2,NO,Estrato 2 - NO,227.55072463768116,69
2020-01-01,QUINDIO,Estrato 2,SI,Estrato 2 - SI,252.68175454969668,2143
2020-01-01,QUINDIO,Estrato 3,NO,Estrato 3 - NO,237.14285714285714,21
2020-01-01,QUINDIO,Estrato 3,SI,Estrato 3 - SI,266.19011406844106,1315
2020-01-01,QUINDIO,Sin Estrato,NO,Sin Estrato - NO,223.46153846153845,13
2020-01-01,QUINDIO,Sin Estrato,SI,Sin Estrato - SI,221.08860759493672,79
2020-01-01,RISARALDA,Estrato 1,NO,Estrato 1 - NO,219.51269035532994,197
2020-01-01,RISARALDA,Estrato 1,SI,Estrato 1 - SI,241.50563607085346,1863
2020-01-01,RISARALDA,Estrato 2,NO,Estrato 2 - NO,227.3048780487805,164
2020-01-01,RISARALDA,Estrato 2,SI,Estrato 2 - SI,251.031718061674,3405
2020-01-01,RISARALDA,Estrato 3,NO,Estrato 3 - NO,239.32258064516128,31
2020-01-01,RISARALDA,Estrato 3,SI,Estrato 3 - SI,261.2685480200273,2197
2020-01-01,RISARALDA,Sin Estrato,NO,Sin Estrato - NO,191.25,16
2020-01-01,RISARALDA,Sin Estrato,SI,Sin Estrato - SI,214.25,88
2020-01-01,SAN ANDRES,Estrato 1,NO,Estrato 1 - NO,232.2,5
2020-01-01,SAN ANDRES,Estrato 1,SI,Estrato 1 - SI,223.9453125,128
2020-01-01,SAN ANDRES,Estrato 2,NO,Estrato 2 - NO,211.8235294117647,17
2020-01-01,SAN ANDRES,Estrato 2,SI,Estrato 2 - SI,235.6824034334764,233
2020-01-01,SAN ANDRES,Estrato 3,NO,Estrato 3 - NO,219.33333333333334,3
2020-01-01,SAN ANDRES,Estrato 3,SI,Estrato 3 - SI,249.1044776119403,134
2020-01-01,SAN ANDRES,Sin Estrato,SI,Sin Estrato - SI,214.0,12
2020-01-01,SANTANDER,Estrato 1,NO,Estrato 1 - NO,241.66904422253924,701
2020-01-01,SANTANDER,Estrato 1,SI,Estrato 1 - SI,252.72692059393157,6196
2020-01-01,SANTANDER,Estrato 2,NO,Estrato 2 - NO,242.640243902439,328
2020-01-01,SANTANDER,Estrato 2,SI,Estrato 2 - SI,263.3010523678276,7982
2020-01-01,SANTANDER,Estrato 3,NO,Estrato 3 - NO,237.91358024691357,81
2020-01-01,SANTANDER,Estrato 3,SI,Estrato 3 - SI,274.0211097708082,4974
2020-01-01,SANTANDER,Sin Estrato,NO,Sin Estrato - NO,225.83333333333334,42
2020-01-01,SANTANDER,Sin Estrato,SI,Sin Estrato - SI,237.46153846153845,299
2020-01-01,SUCRE,Estrato 1,NO,Estrato 1 - NO,216.93368237347295,573
2020-01-01,SUCRE,Estrato 1,SI,Estrato 1 - SI,238.8042832909245,4716
2020-01-01,SUCRE,Estrato 2,NO,Estrato 2 - NO,215.6637168141593,113
2020-01-01,SUCRE,Estrato 2,SI,Estrato 2 - SI,246.88075230092036,2499
2020-01-01,SUCRE,Estrato 3,NO,Estrato 3 - NO,202.1875,48
2020-01-01,SUCRE,Estrato 3,SI,Estrato 3 - SI,238.04398447606727,773
2020-01-01,SUCRE,Sin Estrato,NO,Sin Estrato - NO,199.34745762711864,118
2020-01-01,SUCRE,Sin Estrato,SI,Sin Estrato - SI,207.33196721311475,488
2020-01-01,TOLIMA,Estrato 1,NO,Estrato 1 - NO,220.58563535911603,543
2020-01-01,TOLIMA,Estrato 1,SI,Estrato 1 - SI,232.52103871122867,4159
2020-01-01,TOLIMA,Estrato 2,NO,Estrato 2 - NO,223.19942196531792,346
2020-01-01,TOLIMA,Estrato 2,SI,Estrato 2 - SI,245.08369322412508,6715
2020-01-01,TOLIMA,Estrato 3,NO,Estrato 3 - NO,222.42857142857142,63
2020-01-01,TOLIMA,Estrato 3,SI,Estrato 3 - SI,258.67123287671234,2409
2020-01-01,TOLIMA,Sin Estrato,NO,Sin Estrato - NO,204.42,50
2020-01-01,TOLIMA,Sin Estrato,SI,Sin Estrato - SI,213.4656862745098,204
2020-01-01,VALLE,Estrato 1,NO,Estrato 1 - NO,221.90753911806544,703
2020-01-01,VALLE,Estrato 1,SI,Estrato 1 - SI,238.75060253589018,9543
2020-01-01,VALLE,Estrato 2,NO,Estrato 2 - NO,221.1528384279476,458
2020-01-01,VALLE,Estrato 2,SI,Estrato 2 - SI,251.97375737438122,14747
2020-01-01,VALLE,Estrato 3,NO,Estrato 3 - NO,226.82608695652175,138
2020-01-01,VALLE,Estrato 3,SI,Estrato 3 - SI,260.9241626526269,8927
2020-01-01,VALLE,Sin Estrato,NO,Sin Estrato - NO,209.61290322580646,93
2020-01-01,VALLE,Sin Estrato,SI,Sin Estrato - SI,218.5820189274448,634
2020-01-01,VAUPES,Estrato 1,NO,Estrato 1 - NO,194.34285714285716,35
2020-01-01,VAUPES,Estrato 1,SI,Estrato 1 - SI,231.84883720930233,86
2020-01-01,VAUPES,Estrato 2,NO,Estrato 2 - NO,194.25,12
2020-01-01,VAUPES,Estrato 2,SI,Estrato 2 - SI,224.93333333333334,30
2020-01-01,VAUPES,Estrato 3,NO,Estrato 3 - NO,189.22222222222223,9
2020-01-01,VAUPES,Estrato 3,SI,Estrato 3 - SI,214.16666666666666,18
2020-01-01,VAUPES,Sin Estrato,NO,Sin Estrato - NO,196.05128205128204,39
2020-01-01,VAUPES,Sin Estrato,SI,Sin Estrato - SI,196.16666666666666,42
2020-01-01,VICHADA,Estrato 1,NO,Estrato 1 - NO,232.02631578947367,38
2020-01-01,VICHADA,Estrato 1,SI,Estrato 1 - SI,232.88524590163934,183
2020-01-01,VICHADA,Estrato 2,NO,Estrato 2 - NO,219.55555555555554,9
2020-01-01,VICHADA,Estrato 2,SI,Estrato 2 - SI,225.710843373494,83
2020-01-01,VICHADA,Estrato 3,NO,Estrato 3 - NO,194.5,4
2020-01-01,VICHADA,Estrato 3,SI,Estrato 3 - SI,230.52083333333334,48
2020-01-01,VICHADA,Sin Estrato,NO,Sin Estrato - NO,197.3,30
2020-01-01,VICHADA,Sin Estrato,SI,Sin Estrato - SI,206.22222222222223,72
